smiles,permeable,mol_wt,logp,h_donors,tpsa,qed,is_natural_like
C(=O)(OC(C)(C)C)CCCc1ccc(cc1)N(CCCl)CCCl,1.0,360.32500000000005,4.635000000000004,0.0,29.54,0.4748208495574166,False
C[C@H](N)Cc1ccccc1,1.0,135.20999999999998,1.5763,1.0,26.02,0.6542162175383444,False
C[S](=O)(=O)c1ccc(cc1)[C@@H](O)[C@@H](CO)NC(=O)C(Cl)Cl,1.0,356.2270000000001,0.40430000000000027,3.0,103.70000000000002,0.6406363565705827,False
CC(N)COc1c(C)cccc1C,1.0,179.26299999999998,2.02944,1.0,35.25,0.7701737793320904,False
c1(ccccc1)CC,1.0,106.16799999999999,2.2490000000000006,0.0,0.0,0.5147578217927746,False
c1(c(cc(NC(CCC)=O)cc1)C(C)=O)OCC(CNC(C)C)O,1.0,336.4320000000001,2.3655000000000013,3.0,87.66000000000001,0.5710137425129463,False
CCN(CC)C(=O)Nc1ccc(OCC(O)CNC(C)(C)C)c(c1)C(C)=O,1.0,379.5010000000002,2.8907000000000007,3.0,90.9,0.5740604449563793,False
CC(=O)Nc1ccc(O)cc1,1.0,151.165,1.3505999999999998,2.0,49.33,0.5950261967780849,False
CC(=O)Oc1ccccc1C(O)=O,0.0,180.15899999999996,1.3101,1.0,63.6,0.5501217966938848,False
C[C@@](Cc1ccc(O)c(O)c1)(NN)C(O)=O,0.0,226.232,-0.05310000000000015,5.0,115.81,0.27902660017928355,False
OC(=O)CCCc1ccc(cc1)N(CCCl)CCCl,0.0,304.217,3.377900000000002,1.0,40.54,0.7110607782360152,False
NNCCc1ccccc1.O[S](O)(=O)=O,1.0,234.277,0.0395999999999993,4.0,112.65,0.33350059275215105,False
NC(=O)OCCCc1ccccc1,1.0,179.21900000000002,1.7145000000000001,1.0,52.32000000000001,0.7152164577917951,False
NCC(O)c1ccc(O)c(O)c1,0.0,169.17999999999998,0.08989999999999998,4.0,86.71000000000001,0.4724272074622585,False
OCC(NC(=O)C(Cl)Cl)C(O)c1ccc(cc1)[N+]([O-])=O,0.0,323.13200000000006,0.909,3.0,112.70000000000002,0.4090709280478973,False
CCCNC(=O)N[S](=O)(=O)c1ccc(Cl)cc1,0.0,276.745,1.7379,2.0,75.27000000000001,0.8794576573550539,False
CCOC(=O)C(C)(C)Oc1ccc(Cl)cc1,0.0,242.702,3.060500000000001,0.0,35.53,0.761604620096077,False
CC(C)(Oc1ccc(Cl)cc1)C(O)=O,0.0,214.648,2.582,1.0,46.53,0.8414278696289341,False
CCN(CC)CCOC(=O)c1ccc(N)cc1,1.0,236.315,1.7673999999999999,1.0,55.56,0.6038456847188672,False
CC(C)c1cccc(C(C)C)c1O,1.0,178.27499999999995,3.6390000000000025,1.0,20.23,0.7326761559104263,False
NCCc1ccc(O)c(O)c1,0.0,153.18099999999998,0.5989999999999998,3.0,66.48,0.544872838506118,False
CN[C@@H](C)[C@H](O)c1ccccc1,0.0,165.236,1.3278999999999999,2.0,32.26,0.7078187228911748,False
CNC[C@H](O)c1ccc(O)c(O)c1,0.0,183.207,0.35060000000000013,4.0,72.72,0.5101568892419974,False
CCC(=C)C(=O)c1ccc(OCC(O)=O)c(Cl)c1Cl,0.0,303.14099999999996,3.6057000000000023,1.0,63.6,0.6438970754146427,False
NC(N)=N\N=C\c1c(Cl)cccc1Cl,0.0,231.086,1.6007000000000005,2.0,76.76,0.4603413037777288,False
CC(C)Cc1ccc(cc1)C(C)C(O)=O,0.0,206.28499999999997,3.073200000000001,1.0,37.3,0.8215995486924976,False
C[C@H](N)[C@H](O)c1cccc(O)c1,0.0,167.20799999999997,0.7728000000000002,3.0,66.48,0.6092207315266324,False
CC(C)NCC(O)c1ccc(O)c(O)c1,0.0,211.261,1.1291999999999998,4.0,72.72,0.5632719285067509,False
N[C@@H](Cc1ccc(O)c(O)c1)C(O)=O,0.0,197.18999999999997,0.05219999999999991,4.0,103.78,0.5125069246930146,False
COCCc1ccc(OCC(O)CNC(C)C)cc1,1.0,267.36899999999997,1.6132,2.0,50.72,0.7135696186852986,False
NC(Cc1ccc(cc1)N(CCCl)CCCl)C(O)=O,0.0,305.2049999999999,1.925,2.0,66.56,0.720239222897486,False
C[C@](N)(Cc1ccc(O)c(O)c1)C(O)=O,0.0,211.21699999999998,0.4423000000000001,4.0,103.78,0.5430485662212737,False
[Na+].CC(=O)Nc1c(I)c(NC(C)=O)c(I)c(C([O-])=O)c1I,0.0,635.8970000000002,-1.2153000000000007,2.0,98.33000000000001,0.32187690507149674,False
CC(C)NCC(O)c1ccc(N[S](C)(=O)=O)cc1,1.0,272.37,1.0895000000000001,3.0,78.43,0.7241218527557277,False
NCC(O)c1cccc(O)c1,0.0,153.18099999999998,0.3842999999999999,3.0,66.48,0.5752277445713088,False
CCOc1ccc(NC(C)=O)cc1,0.0,179.219,2.0437,1.0,38.33,0.770678866809672,False
CCCN(CCC)[S](=O)(=O)c1ccc(cc1)C(O)=O,0.0,285.365,2.1955,1.0,74.68,0.8330157421148819,False
OC(=O)c1ccccc1O,0.0,138.12199999999999,1.0903999999999998,2.0,57.53,0.6102585058580265,False
CC(C)NCC(O)COc1ccc(CC(N)=O)cc1,0.0,266.34099999999995,0.45210000000000006,3.0,84.57999999999998,0.637673978167625,False
c1ccccc1,1.0,78.11399999999999,1.6866,0.0,0.0,0.4426283718993647,False
CCCCNC(=O)N[S](=O)(=O)c1ccc(C)cc1,0.0,270.354,1.78302,2.0,75.27000000000001,0.8008194430489943,False
CC(N)Cc1ccccc1,1.0,135.20999999999998,1.5763,1.0,26.02,0.6542162175383444,False
CCc1ccccc1,1.0,106.16799999999996,2.2490000000000006,0.0,0.0,0.5147578217927745,False
CCOC(=O)c1ccc(N)cc1,1.0,165.19199999999998,1.4455,1.0,52.32,0.5326180793674542,False
CC(NC(C)(C)C)C(=O)c1cccc(Cl)c1,1.0,239.746,3.2993000000000023,1.0,29.1,0.8204937720146613,False
OCCOC(=O)NCc1ccccc1,1.0,195.21800000000002,0.9050999999999996,2.0,58.56,0.7501938355659628,False
OC(=O)CNC(=O)c1ccccc1O,1.0,195.174,0.2065999999999995,3.0,86.63000000000001,0.6428709623639095,False
Cc1ccccc1,1.0,92.14099999999999,1.99502,0.0,0.0,0.45880627965754545,False
Cc1cccc(C)c1,1.0,106.16799999999999,2.30344,0.0,0.0,0.47575768534032103,False
COC(=O)c1ccc(cc1)C(=O)OC,1.0,194.18599999999998,1.2597999999999998,0.0,52.60000000000001,0.6648651607326014,False
Cc1ccccc1C,1.0,106.16799999999999,2.30344,0.0,0.0,0.47575768534032103,False
Cc1ccc(C)cc1,1.0,106.16799999999999,2.30344,0.0,0.0,0.47575768534032103,False
c1cc(ccc1CCCC(OC(C)(C)C)=O)N(CCCl)CCCl,1.0,360.32500000000005,4.635000000000004,0.0,29.54,0.4748208495574166,False
CC(C)(C)NCC(O)c1ccc(O)c(CO)c1,0.0,239.315,1.3059999999999998,4.0,72.72,0.6389509580864461,False
CCC(O)(COC(N)=O)c1ccccc1,1.0,209.24500000000003,1.3795000000000002,2.0,72.55000000000001,0.7863727651512109,False
CCN(CC)CC(=O)Nc1c(C)cccc1C,1.0,234.343,2.5837400000000006,1.0,32.34,0.8489671904749567,False
CN(C)CCOC(=O)COc1ccc(Cl)cc1,1.0,257.717,1.8235999999999999,0.0,38.769999999999996,0.7290918035538654,False
CCCC(=O)Nc1ccc(OCC(O)CNC(C)C)c(c1)C(C)=O,1.0,336.4320000000001,2.3655,3.0,87.66,0.5710137425129463,False
COc1cc(CCN)cc(OC)c1OC,1.0,211.261,1.2136000000000002,1.0,53.71000000000001,0.7950998224200284,False
CN[C@@H](C)Cc1ccccc1,1.0,149.237,1.837,1.0,12.03,0.6911085509284692,False
COc1ccccc1OCC(O)COC(N)=O,1.0,241.24299999999994,0.5302000000000002,2.0,91.00999999999999,0.757667099994584,False
Nc1ccc(C(O)=O)c(O)c1,0.0,153.137,0.6726000000000001,3.0,83.55,0.5176060263674482,False
CNCC(O)c1ccc(O)c(O)c1,0.0,183.207,0.35060000000000013,4.0,72.72,0.5101568892419974,False
NC(CO)C(=O)NNCc1ccc(O)c(O)c1O,0.0,257.246,-1.7562,7.0,148.07,0.24400755497559506,False
CC(C)(C)NCC(O)c1ccc(O)c(NC(N)=O)c1,0.0,267.329,1.3043,5.0,107.60999999999999,0.5298721770697152,False
CNCC(O)c1ccc(OC(=O)C(C)(C)C)c(OC(=O)C(C)(C)C)c1,0.0,351.4430000000001,2.8424000000000014,2.0,84.85999999999999,0.6267146503427627,False
CCNCC(O)c1cccc(O)c1,0.0,181.23499999999999,1.0351,3.0,52.489999999999995,0.6500790582218501,False
CC(Cc1ccccc1)NO,0.0,151.20899999999997,1.5963999999999998,2.0,32.26,0.642939339954345,False
CNC(C)C(O)c1ccc(O)cc1,0.0,181.23499999999999,1.0334999999999996,3.0,52.489999999999995,0.6525706708346056,False
CNC(C)C(=O)c1ccc(OC)cc1,0.0,193.24599999999998,1.4857999999999998,1.0,38.33,0.73607644837007,False
CNCC(O)c1cccc(OC(=O)C(C)(C)C)c1,0.0,251.32599999999994,1.8909,2.0,58.559999999999995,0.6335309055068772,False
C1=CC(=CC=C1CC(OC(C(C)N)=O)(C)C)Cl,1.0,255.74499999999998,2.5515000000000008,1.0,52.32,0.8416081537670527,False
C1=CC=CC(=C1C(O)=O)OC(C)=O,1.0,180.15899999999996,1.3101,1.0,63.6,0.5501217966938848,False
C1=CC=CC=C1CNC(CCCl)=O,1.0,197.66499999999996,1.9317,1.0,29.1,0.7348090072146068,False
C(C1=CC=CC=C1)O,1.0,108.13999999999997,1.1788999999999998,1.0,20.23,0.5723436119287516,False
C1=C(C(=C(C=C1Br)C)O)C(N)=O,1.0,230.06099999999998,1.56202,2.0,63.32,0.7683652660795063,False
C1=C(C=CC(=C1)NC(C)=O)OC(C)(C)C,1.0,207.27299999999997,2.822300000000001,1.0,38.33,0.8093966468421296,False
C1=C(C(=CC=C1C(/CCCCC)=N\OCCN)C)N,1.0,263.38499999999993,2.83692,2.0,73.63,0.32765336536261785,False
C1=C(C(OC(N)=O)C#C)C=CC=C1,1.0,175.187,1.4562,1.0,52.32,0.6915260550482942,False
C1=C(C=CC(=C1)[S](N)(=O)=O)C(O)=O,1.0,201.203,0.032200000000000284,2.0,97.46000000000001,0.7049457019510035,False
[C@@H](C(C1=CC=CC=C1)=O)(C)N,1.0,149.19299999999998,1.2165,1.0,43.09,0.6422286722896542,False
C1=C(C(O)C(CO)NC(C(Cl)Cl)=O)C=CC(=C1)C(=O)C,1.0,320.1720000000001,1.2034,3.0,86.63,0.5429803675737823,False
C1=C(C(=CC(=C1)Cl)Cl)OCCCN(CC#C)C,1.0,272.17499999999995,3.327300000000001,0.0,12.47,0.5814960359844334,False
C1=C(C(N)=O)C=C(C(=C1OC)OCCCCCCCCCC)OC,1.0,337.4600000000001,4.322200000000004,1.0,70.78000000000002,0.5441005297062502,False
C1=C(Cl)C=C(C(=C1C(NCCN(CC)CC)=O)OC)Cl,1.0,319.23199999999997,3.0736000000000017,1.0,41.57000000000001,0.8396593956031924,False
CN(C(C)CC1=CC=CC=C1)C,1.0,163.26399999999998,2.1792,0.0,3.24,0.6598626291095329,False
C1=C(C=CC=C1C(CNC(CCCO)=O)(CC)CC)OC,1.0,293.407,2.641700000000001,2.0,58.56,0.7356411194584682,False
C1=C(C(COC(N)=O)COC(N)=O)C=CC=C1,1.0,238.24300000000002,0.9607999999999999,2.0,104.63999999999999,0.796471019540729,False
C1=CC(=CC=C1C(CC(C)(C)O)(C)O)Cl,1.0,228.71899999999997,2.7085000000000012,2.0,40.46,0.8353672123123481,False
C1=C(C(CNC(C)(C)C)O)C(=CC=C1)F,1.0,211.28,2.2472000000000003,2.0,32.26,0.8033431633971992,False
[C@@H](C1=CC=C(C=C1)[S](C)(=O)=O)([C@H](NC(C(Cl)Cl)=O)CF)O,1.0,358.2180000000001,1.3814999999999997,2.0,83.47,0.7530223685249092,False
CCOC(=O)N(CCN(C)C)c1cccc(c1)C(F)(F)F,1.0,304.312,3.2299000000000015,0.0,32.78,0.8370414594925688,False
C1=CC(=CC=C1[S](CC)(=O)=O)F,1.0,188.22299999999998,1.6193000000000002,0.0,34.14,0.6607494955019171,False
C1=C(C(F)(F)F)C=CC(=C1)C(=N/OCCN)/CCCCOC.O=C(O)\C=C/C(=O)O,1.0,434.41100000000023,2.9133000000000004,3.0,131.44,0.21116128594778608,False
C1=CC(=CC=C1OCC(NNC(C)C)=O)Cl,1.0,242.706,1.7479999999999998,2.0,50.36,0.7738369433969671,False
C1=CC=CC=C1C(NN)C,1.0,136.198,1.2109,2.0,38.05,0.47347438835475697,False
[H+].C1=C(OCC(=O)NCCN(CC)CC)C=CC(=C1)OC.[Cl-],1.0,316.82900000000006,-1.3514999999999966,1.0,50.8,0.6118883530349096,False
C1=C(C=CC=C1O)NC(C)=O,1.0,151.165,1.3505999999999998,2.0,49.33,0.6360784721720715,False
C1=C(C(C(C)(C)O)(C)O)C=CC=C1Cl,1.0,214.69199999999998,2.3184000000000005,2.0,40.46,0.7934888151509782,False
C1=CC=CC=C1CN(CC#C)C,1.0,159.232,1.7515999999999998,0.0,3.24,0.607262790959667,False
C1=CC=CC=C1CC(NC(N)=O)=O,1.0,178.19099999999997,0.4240000000000001,2.0,72.19,0.6885995439708613,False
C1=CC=CC=C1C(C(NC(N)=O)=O)CC,1.0,206.24499999999995,1.3751000000000002,2.0,72.19,0.7836281163046618,False
C1=C(OCC(NN)C)C=CC=C1,1.0,166.22400000000002,0.9171999999999998,2.0,47.28,0.5161658885951212,False
C1=CC(=CC=C1C(NC(C)C)=O)CNNC,1.0,221.30399999999997,1.0488,3.0,53.160000000000004,0.6513892787333421,False
C1=CC(=CC=C1OC(CN(CC)CC)=O)NC(C)=O,1.0,264.32499999999993,1.8921999999999999,1.0,58.64,0.6294348624142526,False
C1=CC=C(C(=C1C(C)C)O)C(C)C,1.0,178.27499999999998,3.639000000000002,1.0,20.23,0.7326761559104265,False
[C@H](C1=CC(=CC=C1)OC(N(CC)C)=O)(N(C)C)C,1.0,250.34199999999996,2.7597000000000014,0.0,32.78,0.8234224757170807,False
C(C1=CC=CC=C1O)(=O)N,1.0,137.13799999999998,0.4910999999999999,2.0,63.31999999999999,0.5912712208356959,False
[C@@H](CC1=CC=CC=C1)(N(CC#C)C)C,1.0,187.28599999999997,2.1826,0.0,3.24,0.6530251998867979,False
[C@H](C(=O)OC1=CC=C(C=C1)NC(=O)C)(NC(=O)C)CCSC,1.0,324.4020000000001,1.8081999999999998,2.0,84.5,0.5901019501701262,False
C1=CC=CC(=C1OCC(COC(C(Cl)(Cl)Cl)O)OC(C(Cl)(Cl)Cl)O)C,1.0,476.995,4.152820000000002,2.0,68.15,0.43548393638895777,False
C1=C(C(=C(C=C1C(NCC(N(CC)CC)=O)=O)OC)OC)OC,1.0,324.37700000000007,1.3105999999999995,1.0,77.10000000000001,0.7800410258965664,False
C1=CC(=CC=C1CNC(C(C)C)CCCCCC(O)=O)F,1.0,295.3979999999999,3.9750000000000023,2.0,49.33,0.6419979393469061,False
C1=C(CC(CC=C)N)C=CC=C1,1.0,161.24800000000002,2.1325000000000003,1.0,26.02,0.6725353483449518,False
[C@@H](O)([C@@H](O)C(=O)O)C(=O)O.[C@@H](N)(CC1=CC=C(N(C)C)C=C1C)C,1.0,342.3920000000001,-0.1718799999999996,5.0,144.32000000000002,0.4790131413835927,False
C1=CC(=CC=C1NCCC(N(C)C)=O)Br,1.0,271.158,2.3393000000000006,1.0,32.34,0.9111877548209287,False
C1=C(Br)C(=CC(=C1C(NCCN(CC)CC)=O)OC)N,1.0,344.2530000000001,2.1114999999999995,2.0,67.59,0.7437763293597593,False
C1=CC=CC=C1C(NNC(OCC)=O)C,1.0,208.26099999999997,1.9983,2.0,50.36,0.7439413095897324,False
[H+].C1=C(CC(N(C)C)(CO)C)C=CC(=C1Cl)Cl.[Cl-],1.0,298.64099999999996,-0.03500000000000014,1.0,23.47,0.8435137189550485,False
C1=CC(=CC=C1OCC(COC(N)=O)O)Cl,1.0,245.66199999999995,1.1749999999999998,2.0,81.78,0.8160595704353588,False
C1=C(C=CC=C1Br)\C=C\C(NCC)=O,1.0,254.127,2.5984000000000016,1.0,29.1,0.8251263841166424,False
C1=C(C(=C(C=C1\C=C\C(N)=O)OC)OC)OC,1.0,237.25499999999994,1.2108999999999999,1.0,70.78000000000002,0.781275937515686,False
C1=CC(=CC=C1OCC(NCCN(CC)CC)=O)Cl,1.0,284.7869999999999,2.1768,1.0,41.57,0.795478445623375,False
C1=C(C(=N/OCCN)/CCCCOC)C=CC(=C1)Cl,1.0,284.787,2.836100000000001,1.0,56.84,0.4308925203789307,False
C1=CC=CC=C1CCNC(CCCl)=O,1.0,211.69199999999998,1.9742,1.0,29.1,0.7418749939227619,False
NC(=N)NCCCOc1ccccc1,1.0,193.25000000000003,0.938569999999999,3.0,71.13000000000001,0.3700161832867406,False
[C@H](CC1=CC(=C(C=C1)O)O)(C(O)=O)N,1.0,197.18999999999997,0.05219999999999997,4.0,103.77999999999999,0.5125069246930146,False
C1=CC=CC(=C1)C(=O)C(C)N(C)C,1.0,177.24699999999999,1.8194000000000001,0.0,20.310000000000002,0.656288213595937,False
C1=C(CC\C(CN)=C/F)C=CC(=C1)F,1.0,197.228,2.570400000000001,1.0,26.02,0.7883179071013513,False
N(C(=O)C)C1=CC=C(O)C=C1,1.0,151.165,1.3506,2.0,49.33,0.5950261967780849,False
C1=C(NC(CC)=O)C=CC(=C1)O,1.0,165.19199999999998,1.7407,2.0,49.33,0.6555935935870101,False
C1=C(C(C(C)(C)O)(C)O)C=CC(=C1)Cl,1.0,214.69199999999998,2.3184000000000005,2.0,40.46,0.7934888151509782,False
[Cl].C1=CC=CC=C1CCNN,1.0,171.65099999999998,1.3818999999999995,2.0,38.05,0.5329318720140516,False
C1=CC=CC=C1CC(NN)C,1.0,150.22499999999997,1.0809,2.0,38.05,0.4995843805760222,False
C1=C([S](C)(=O)=O)C=CC(=C1C(NCCN(CC)CC)=O)OC,1.0,328.4340000000001,1.1703,1.0,75.71000000000001,0.7751498496172248,False
C1=C(NC(C(Cl)(Cl)Cl)=O)C=CC(=C1)O,1.0,254.50000000000003,2.7009000000000003,2.0,49.33,0.5978673572004528,False
[N+](=NCC(=O)N[C@@H]([C@H](O)C1=CC=C([N+]([O-])=O)C=C1)CO)=[N-],1.0,295.255,0.41560000000000025,3.0,161.46,0.21774102512212962,False
C(Cl)Cl,1.0,84.933,1.4215,0.0,0.0,0.3899621067041533,False
CCCC(C)C,1.0,86.178,2.442500000000001,0.0,0.0,0.4838902980848686,False
ClCC(F)(F)F,1.0,118.48500000000001,1.7875,0.0,0.0,0.4255929603251894,False
[Na+].[Na+].[Na+].[O-]C(=O)[P]([O-])([O-])=O,1.0,191.94999999999996,-11.7446,0.0,103.32,0.30273767636540394,False
NC(CO)(CO)CO,0.0,121.136,-2.3391999999999995,4.0,86.71000000000001,0.3368315430776369,False
NC(N)=O,1.0,60.056,-0.9762000000000002,2.0,69.11,0.3705073514035382,False
OC(=O)CCCCCCCC(O)=O,0.0,188.22299999999998,1.8863,2.0,74.6,0.5701815945486013,False
[Cl-].CC(C[N+](C)(C)C)OC(N)=O,0.0,196.678,-2.819599999999996,1.0,52.32,0.49556270645945283,False
C[S](=O)(=O)OCCCCO[S](C)(=O)=O,1.0,246.30599999999998,-0.2809999999999997,0.0,86.74000000000001,0.453312740145793,False
CCCCNC(=O)OCC(C)(CCC)COC(N)=O,1.0,274.36099999999993,2.4144,2.0,90.65,0.6315993675208099,False
CCCC(CCC)C(O)=O,1.0,144.214,2.2874,1.0,37.3,0.6423719745530849,False
NC(=O)NO,1.0,76.05499999999999,-0.9561000000000002,3.0,75.35000000000001,0.25664360627911675,False
ClCCNC(=O)N(CCCl)N=O,1.0,214.05199999999996,1.157,1.0,61.77,0.4236058600444414,False
OCC(O)C(O)C(O)C(O)CO,0.0,182.172,-3.5854000000000004,6.0,121.38000000000001,0.2612626527203185,False
FCOC(C(F)(F)F)C(F)(F)F,1.0,200.05299999999997,2.4232000000000005,0.0,9.23,0.6216574973922095,False
[Na+].[O-][S](=O)(=O)CCS,0.0,164.183,-3.534599999999999,1.0,57.199999999999996,0.26121920867962173,False
CC(Cl)(Cl)Cl,1.0,133.405,2.376500000000001,0.0,0.0,0.44517055677341283,False
C(CCl)(F)(F)F,1.0,118.48500000000001,1.7875,0.0,0.0,0.4255929603251894,False
CC(C)CO,1.0,74.12299999999999,0.6347,1.0,20.23,0.4834802442445536,False
CCC(C)(C)C,1.0,86.17799999999998,2.442500000000001,0.0,0.0,0.4244820558666797,False
CCCC(C)CC,1.0,100.205,2.832600000000001,0.0,0.0,0.5112703489666591,False
CCC(C)CC,1.0,86.178,2.442500000000001,0.0,0.0,0.4838902980848686,False
CCC(C)=O,1.0,72.10699999999999,0.9854,0.0,17.07,0.4510508050249618,False
ClCCl,1.0,84.93299999999999,1.4215,0.0,0.0,0.3899621067041533,False
CCOCC,1.0,74.123,1.0428000000000002,0.0,9.23,0.4752681489358652,False
C=COC=C,1.0,70.09100000000001,1.29,0.0,9.23,0.4446626309457236,False
FC(F)OC(F)(F)C(F)Cl,1.0,184.491,2.3528000000000002,0.0,9.23,0.48329409286155045,False
CCO,1.0,46.069,-0.0014000000000000123,1.0,20.23,0.40680796565539457,False
FC(F)(F)COC=C,1.0,126.077,1.7087999999999999,0.0,9.23,0.5115206773772702,False
FC(F)(F)C(Cl)Br,1.0,197.381,2.5084999999999997,0.0,0.0,0.523506439863351,False
CCCCCCC,1.0,100.205,2.976700000000002,0.0,0.0,0.47630987365330063,False
CCCCCC,1.0,86.178,2.5866000000000007,0.0,0.0,0.4629542813199688,False
FC(F)OC(Cl)C(F)(F)F,1.0,184.49099999999996,2.3528000000000002,0.0,9.23,0.47287129526793736,False
COC(F)(F)C(Cl)Cl,1.0,164.966,2.0293,0.0,9.23,0.5683931276423007,False
CCC(C)C(CC)C(=O)NC(N)=O,1.0,186.25499999999997,1.2536,2.0,72.19,0.6932222870652504,False
CCCCC,1.0,72.151,2.1965000000000003,0.0,0.0,0.4687855098011332,False
CCCO,1.0,60.096,0.3887,1.0,20.23,0.46378398302396845,False
CC(C)=O,1.0,58.080000000000005,0.5952999999999999,0.0,17.07,0.3982369618339747,False
OC(O)C(Cl)(Cl)Cl,1.0,165.403,0.6672999999999998,2.0,40.46,0.4090497087455616,False
C[N+](C)(C)CCO,1.0,104.17299999999999,-0.3150999999999999,1.0,20.23,0.47618393148924254,False
FC(Br)C(F)(F)F,1.0,180.92599999999996,2.2391999999999994,0.0,0.0,0.3966205033876523,False
CN(C)CCO,1.0,89.13799999999999,-0.45970000000000016,1.0,23.47,0.4945926556736864,False
ClC=C(Cl)Cl,1.0,131.389,2.5017000000000005,0.0,0.0,0.47377505861481944,False
ClC(Cl)Cl,1.0,119.37800000000001,1.9864,0.0,0.0,0.4278591758228658,False
CC(C)O,1.0,60.096000000000004,0.38710000000000006,1.0,20.23,0.42840479403162834,False
CC\C(=C/C)C(=O)NC(N)=O,1.0,156.18499999999997,0.5376000000000003,2.0,72.19,0.5724652085948918,False
CCC(C)(CC)OC(N)=O,1.0,145.20199999999997,1.6604,1.0,52.32,0.6561876017831461,False
CCC(O)(\C=C\Cl)C#C,1.0,144.601,1.5131999999999999,1.0,20.23,0.5829710350354785,False
CCCC(C)(COC(N)=O)COC(N)=O,1.0,218.25299999999996,0.9834000000000005,2.0,104.63999999999999,0.6928160102714501,False
NCCCNCCS[P](O)(O)=O,0.0,214.22699999999998,-0.2492999999999999,4.0,95.58000000000001,0.3446247204426618,False
CCC(C)(O)C#C,1.0,98.14499999999997,0.7806,1.0,20.23,0.4803950453905759,False
CCN(CC)C(=S)SSC(=S)N(CC)CC,1.0,296.5520000000001,3.6212000000000026,0.0,6.48,0.5731348904238733,False
CC[C@@H](CO)NCCN[C@@H](CC)CO,0.0,204.314,-0.292599999999999,4.0,64.52,0.3896708755641931,False
ClC(C(F)(F)Cl)(F)F,1.0,170.92,2.6496,0.0,0.0,0.41971324525206266,False
C(C(C(NC(NC(C)=O)=O)=O)(CC)Br)C,1.0,279.13399999999996,1.3123999999999998,2.0,75.27,0.7647716709485274,False
C(C(NC(C)=O)C(O)=O)CC(N)=O,1.0,188.18299999999996,-1.158799999999999,3.0,109.49000000000001,0.5051310811739468,False
C(C(C)(C)O)C,1.0,88.14999999999998,1.1673,1.0,20.23,0.5097634659284825,False
[C@H](CCCNC(C)=O)(C(O)=O)NC(C)=O,1.0,216.237,-0.5079999999999989,3.0,95.5,0.5210523878423291,False
CC(C(C(NC(N)=O)=O)Br)C,1.0,223.07,0.6008000000000007,2.0,72.19,0.6725354015174342,False
C(Br)(Br)Br,1.0,252.731,2.4547,0.0,0.0,0.5812778100557083,False
C(C(CCCC)CC)NC(CC(C)O)=O,1.0,215.337,2.0899000000000005,2.0,49.33,0.6511049162036557,False
C(C(OC(C(Cl)(Cl)Cl)O)C)C(C)(C)O,1.0,265.56399999999996,2.2411000000000008,2.0,49.69,0.6053509750245217,False
C(Cl)(Cl)Cl,1.0,119.37800000000001,1.9864,0.0,0.0,0.4278591758228658,False
C(C(Cl)(Cl)Cl)OC(OCC(Cl)(Cl)Cl)=O,1.0,324.802,3.880000000000001,0.0,35.53,0.5709653806960008,False
C(C(N(C(\C=C\C)=O)CC)C(N(C)C)=O)C,1.0,226.31999999999996,1.2778,0.0,40.620000000000005,0.662510822509547,False
C(C)Cl,1.0,64.515,1.2451,0.0,0.0,0.37198554725482313,False
C=C,1.0,28.053999999999995,0.8022,0.0,0.0,0.34449676855385364,False
[C@H](C(NCCCC(O)=O)=O)(C(CO)(C)C)O,1.0,233.26399999999998,-0.6532000000000002,4.0,106.86000000000001,0.43694413979919694,False
C(C(C(C)C)(C(N)=O)Br)C,1.0,208.099,1.6714,1.0,43.09,0.7040477106854527,False
C(C(C(CC)C)(COC(N)=O)C)OC(N)=O,1.0,232.27999999999994,1.2294000000000005,2.0,104.63999999999999,0.7179858695750139,False
CNC(NC(C(Cl)(Cl)Cl)O)=O,1.0,221.471,0.6040000000000001,3.0,61.36,0.44860390740242845,False
C(NCC(N)=O)CCCC,1.0,144.218,0.2514999999999994,2.0,55.12,0.5249914441049913,False
C(C(COC(N)=O)(C(CC)C)C)OC(NC(C)C)=O,1.0,274.361,2.2687,2.0,90.65,0.7447011306261557,False
C(C(F)(F)F)F,1.0,102.03000000000002,1.5182000000000002,0.0,0.0,0.40653794072819166,False
C(C(NN)C)CCCCC,1.0,144.262,1.8085999999999998,2.0,38.05,0.3387852493887926,False
CC(C(C(OC(N)=O)C)C)OC(N)=O,1.0,204.22599999999997,0.5901,2.0,104.63999999999999,0.6985943696041055,False
C(C(COC(C(Cl)(Cl)Cl)O)(COC(C(Cl)(Cl)Cl)O)COC(C(Cl)(Cl)Cl)O)OC(C(Cl)(Cl)Cl)O,1.0,725.6990000000001,4.793600000000005,4.0,117.84000000000002,0.16778556768988237,False
C(NC(C(C)(C)C)=O)CCC(O)=O,1.0,187.23899999999995,1.0134999999999998,2.0,66.4,0.6454402358179225,False
[C@@H](CC(=O)O)(CC(C)C)CN,1.0,159.22899999999996,1.0821,2.0,63.31999999999999,0.630619611055221,False
[CH2-][CH-]C,1.0,42.080999999999996,1.04468,0.0,0.0,0.35521697497412763,False
C([S](C(C)(C)[S](=O)(=O)CC)(=O)=O)C,1.0,228.33499999999995,0.5918999999999999,0.0,68.28,0.70602222911047,False
BrCC(O)(Br)Br,1.0,282.75699999999995,1.8172000000000001,1.0,20.23,0.727608481797039,False
O=[P](O)(OCC(Cl)(Cl)Cl)O,1.0,229.383,1.4659,2.0,66.76,0.5556205275417809,False
NC(=O)OCC,1.0,89.09400000000001,0.10160000000000013,1.0,52.32000000000001,0.4950193943469449,False
C(C(C(N)=O)(CCC)CCC)CC,1.0,185.31099999999995,2.8584000000000014,1.0,43.09,0.6508396737329993,False
C(C(C(OCOC(C(C)(C)C)=O)=O)CCC)CC,1.0,258.3579999999999,3.2928000000000024,0.0,52.6,0.5191271048286841,False
C(C(C=C)N)CC(O)=O,1.0,129.159,0.3645000000000001,2.0,63.32,0.5386736295032681,False
C(=C)OC=C,1.0,70.09100000000001,1.29,0.0,9.23,0.4446626309457236,False
C(OC(NC(C(Cl)(Cl)Cl)O)=O)C,1.0,236.482,1.4210999999999998,2.0,58.559999999999995,0.5630698581677548,False
C(C(C(NC(N)=O)=O)(CC)Br)C,1.0,237.09699999999998,1.1350000000000005,2.0,72.19,0.7220176852684499,False
ClC(CCC)O,1.0,108.568,1.3437000000000001,1.0,20.23,0.5296798373940849,False
C(C(N(C(\C=C\C)=O)CCC)C(N(C)C)=O)C,1.0,240.34699999999995,1.6679,0.0,40.620000000000005,0.6625852279487482,False
O(C(C(F)(F)F)F)C(F)F,1.0,168.036,2.0835,0.0,9.23,0.5732475481548115,False
COC(C(F)Br)(F)F,1.0,192.962,1.9161000000000001,0.0,9.23,0.6082780077747189,False
C(C([S](CC)(=O)=O)([S](CC)(=O)=O)C)C,1.0,242.36199999999997,0.9819999999999998,0.0,68.28,0.7204674161260202,False
C(C(C(N)=O)(CC)CC)C=C,1.0,155.24099999999996,1.8541999999999996,1.0,43.09,0.6048437562860928,False
C(C(C(CC)C)C(N)=O)C,1.0,143.23,1.544,1.0,43.09,0.6370448180759507,False
C(C(CCC)C(N)=O)CC,1.0,143.23,1.6881,1.0,43.09,0.6248985838851518,False
[N+](=[N-])=O,1.0,44.013,-0.1584,0.0,53.470000000000006,0.27513739989697544,False
C[C@H]1C[C@H]2[C@@H]3CCC4=CC(=O)C=C[C@]4(C)[C@@]3(F)[C@@H](O)C[C@]2(C)[C@@]1(O)C(=O)CO,0.0,392.4670000000002,1.8957000000000002,3.0,94.83,0.667213496992105,False
C[C@H]1C[C@H]2[C@@H]3CC[C@](O)(C(=O)CO)[C@@]3(C)C[C@H](O)[C@@H]2[C@@]4(C)C=CC(=O)C=C14,0.0,374.4770000000001,1.8036,3.0,94.83000000000001,0.685142538776804,False
C[C@]12C[C@H](O)[C@H]3[C@@H](CCC4=CC(=O)C=C[C@]34C)[C@@H]1CC[C@]2(O)C(=O)CO,0.0,360.4500000000002,1.5575999999999999,3.0,94.83,0.6946116752943168,False
C[C@]12C[C@H](O)[C@@]3(F)[C@@H](CCC4=CC(=O)C=C[C@]34C)[C@@H]1C[C@@H](O)[C@]2(O)C(=O)CO,0.0,394.43900000000014,0.6204999999999998,4.0,115.06000000000002,0.545907213602937,False
[C@@]4([C@@]3([C@H]([C@H]2[C@@H]([C@@]1(C(=CC(=O)C=C1)C[C@H]2Cl)C)[C@H](C3)O)C[C@H]4C)C)(C(COC(CC)=O)=O)OC(CC)=O,1.0,521.0500000000005,3.942700000000003,1.0,106.97,0.41719552308352964,False
[C@H]12[C@@]([C@](OC(=O)CC)([C@H](C1)C)C(=O)COC)(C[C@H](O)[C@@]3(F)[C@H]2CCC4=CC(=O)C=C[C@]34C)C,1.0,462.5580000000002,3.5107000000000026,1.0,89.9,0.6291705459030984,False
[C@]23([C@H]([C@H]1[C@]([C@](C(CO)=O)(O)[C@H](C1)C)(C)C[C@@H]2O)CCC4=CC(=O)C=C[C@]34C)Cl,1.0,408.92200000000014,2.164999999999999,3.0,94.83000000000001,0.6084933991367778,False
[C@]14([C@@]([C@@H](C)C[C@H]1[C@H]3[C@]([C@@]2(C(=CC(=O)C=C2)CC3)C)(F)[C@H](C4)O)(OC(CCCC)=O)C(CO)=O)C,1.0,476.5850000000004,3.6368000000000027,2.0,100.9,0.5679557810972995,False
[C@@]24(Cl)C1(C(=CC(=O)C=C1)[C@@H](F)CC2C3C(C([C@@H](C3)C)C(=O)CO)(CC4O)C)C,1.0,410.91300000000024,2.9981000000000018,2.0,74.60000000000001,0.6861096915208704,False
[C@H]2(C1=CC(C=C[C@@]1(C4([C@@H](C2)[C@@H]3C[C@H]([C@H](C(COC(=O)C)=O)[C@@]3(C)C[C@@H]4O)C)Cl)C)=O)F,1.0,452.95000000000016,3.568900000000002,1.0,80.67000000000002,0.5226776061217764,False
[C@@]24(Cl)C1(C(=CC(=O)C=C1)[C@@H](F)CC2C3C(C([C@@H](C3)C)C(=O)COC(=O)C(C)(C)C)(CC4O)C)C,1.0,495.0310000000004,4.595100000000004,1.0,80.67,0.4579880475870269,False
[C@]34([C@H](C2[C@@](F)([C@@]1(C(=CC(=O)C=C1)[C@@H](F)C2)C)[C@@H](O)C3)C[C@H]([C@]4(OC(=O)CC)C(SCCl)=O)C)C,1.0,517.0340000000003,4.6993000000000045,1.0,80.67,0.4307446491363041,False
CC1CC2C3CC(F)(F)C4=CC(=O)C=C[C@]4(C)C3(F)C(O)CC2(C)C1(O)C(=O)CO,1.0,428.44700000000023,2.1409,3.0,94.83,0.6266098349393252,False
CC(=O)C3(O)CCC4C2CCC1=CC(=O)C=CC1(C)C2C(O)CC34C,1.0,344.4510000000001,2.5852000000000004,2.0,74.6,0.766622348588906,False
[C@H]34[C@H]2[C@@](F)([C@@]1(C(=CC(=O)C=C1)CC2)C)[C@@H](O)C[C@@]3([C@](O)([C@H](O)C4)C(=O)C)C,1.0,378.4400000000001,1.6480999999999997,3.0,94.83000000000001,0.6449452421047256,False
[C@H]23[C@@]([C@@]1(C(=CC(=O)C=C1)CC2)C)([C@H](C[C@]4([C@H]3C[C@@H](C)[C@@H]4C(CO)=O)C)O)F,1.0,376.468,2.7808000000000015,2.0,74.6,0.7771649436279089,False
[C@@]23(Cl)C(C1C([C@](O)(CC1)C(=O)CO)(CC2Cl)C)CCC4=CC(=O)C=CC34C,1.0,413.3410000000002,3.1655000000000015,2.0,74.6,0.6824630089631247,False
[C@@]23(Cl)C(C1C([C@](O)(CC1)C(=O)COC(=O)C)(CC2Cl)C)CCC4=CC(=O)C=CC34C,1.0,455.3780000000002,3.7363000000000026,1.0,80.67,0.5182603845449892,False
[C@@]24(F)C1(C(=CC(=O)C=C1)[C@@H](F)CC2C3C(C([C@@H](C3)C)C(=O)CO)(CC4O)C)C,1.0,394.45800000000014,2.7288000000000014,2.0,74.60000000000001,0.7553196363126068,False
[C@H]23[C@@]([C@@]1(C(=CC(=O)C=C1)[C@H](C2)F)C)([C@H](C[C@]4([C@H]3C[C@@H](C)[C@@H]4C(COC(C(C)(C)C)=O)=O)C)O)F,1.0,478.57600000000025,4.3258000000000045,1.0,80.67,0.611153736131953,False
CC3CC2C1CCC(C(C)=O)C1(C)CC(O)C2C4(C)C=CC(=O)C=C34,1.0,342.4790000000001,3.716300000000003,1.0,54.37,0.7900746681125329,False
CCCCOC(=O)C(=O)C3C(C)CC4C2CC(F)C1=CC(=O)C=CC1(C)C2C(O)CC34C,1.0,446.55900000000025,3.987700000000003,1.0,80.67,0.3924195828674496,False
CCCCCC(=O)OCC(=O)C3C(C)CC4C2CC(F)C1=CC(=O)C=CC1(C)C2C(O)CC34C,1.0,474.61300000000017,4.767900000000005,1.0,80.67,0.4247426145133699,False
[C@]23([C@H]([C@H]1[C@]([C@@](OC(C)=O)(C(C)=O)CC1)(C)C[C@@H]2O)C[C@H](C)C4=CC(=O)C=C[C@]34C)F,1.0,418.5050000000001,3.494100000000002,1.0,80.67000000000002,0.6945533405618345,False
CC4CC3C2CC(F)C1=CC(=O)C=CC1(C)C2(F)C(O)CC3(C)C4(O)C(=O)SCF,1.0,444.5150000000002,3.469100000000002,2.0,74.6,0.6823854735858573,False
[C@]4([C@@]3([C@H]([C@H]2[C@]([C@@]1(C(=CC(=O)C=C1)[C@H](C2)F)C)(F)[C@H](C3)O)C[C@H]4C)C)(OC(CC)=O)C(SCF)=O,1.0,500.57900000000035,4.430000000000004,1.0,80.67,0.5755860893833779,False
[C@H]23C(Cl)([C@@]1(C(=CC(=O)C=C1)[C@@H](F)C2)C)[C@@H](F)C[C@]4([C@H]3C[C@H]([C@@H]4C(=O)CO)C)C,1.0,412.9040000000002,3.9753000000000034,1.0,54.370000000000005,0.6979103622237994,False
[C@]34([C@H]([C@H]2C([C@@]1(C(=CC(C(=C1)Br)=O)[C@@H](C2)F)C)([C@H](C3)O)F)CCC4(C(=O)CO)O)C,1.0,475.32600000000025,2.3203000000000005,3.0,94.83,0.5702568506654004,False
C(C(C1(CCC2C4C(C(CC12C)O)(F)C3(C=CC(C=C3CC4)=O)C)O)=O)O,1.0,378.4400000000001,1.6496999999999993,3.0,94.83,0.679213941811703,False
[C@H]23[C@@]([C@@]1(C(=CC(=O)C=C1)CC2)C)([C@H](C[C@]4([C@H]3CC[C@@]4(C(COC(C)=O)=O)O)C)O)F,1.0,420.4770000000001,2.220500000000001,2.0,100.9,0.679307053202551,False
CCOC(=O)OC3(CCC4C2CCC1=CC(=O)C=CC1(C)C2C(O)CC34C)C(=O)OCCl,1.0,466.9580000000002,3.9165000000000028,1.0,99.13000000000001,0.49480398580664986,False
[C@@]23(Cl)C(C1C([C@](O)([C@@H](C1)C)C(=O)CO)(CC2Cl)C)CCC4=CC(=O)C=CC34C,1.0,427.3680000000002,3.411500000000002,2.0,74.6,0.6628172095171438,False
[C@@]4([C@@]3([C@H]([C@H]2[C@@H]([C@@]1(C(=CC(=O)C=C1)[C@H](C2)C)C)[C@H](C3)O)CC4)C)(C(COC(C)=O)=O)OC(CC)=O,1.0,472.57800000000043,3.335300000000002,1.0,106.97,0.611707553664747,False
[C@H]34[C@H]2[C@@](Cl)([C@@]1(C(=CC(=O)C=C1)CC2)C)[C@@H](O)C[C@@]3([C@](O)([C@@H](C4)C)C(=O)CCl)C,1.0,427.3680000000002,3.411500000000002,2.0,74.6,0.6628172095171438,False
[C@]34([C@H]([C@H]2[C@@H]([C@@]1(C(=CC(=O)C=C1)[C@H](C2)F)C)[C@H](C3)O)C[C@H]([C@@]4(C(COC(C)=O)=O)O)C)C,1.0,434.5040000000003,2.3224,2.0,100.9,0.661485150928691,False
[C@@]4([C@@]3([C@H]([C@H]2[C@@H]([C@@]1(C(=CC(=O)C=C1)CC2)C)[C@H](C3)O)CC4)C)(C(COC(CC)=O)=O)OC(OCC)=O,1.0,488.5770000000004,3.6993000000000027,1.0,116.20000000000002,0.5628168689729339,False
C(C(C4(C3(C(C2C(C1(C(=CC(=O)C=C1)CC2)C)C(C3)O)CC4)C)O)=O)OC(CN(CC)CC)=O,1.0,473.6100000000003,2.4503000000000004,2.0,104.13999999999999,0.5474910391757597,False
[C@H]34[C@H]2[C@@H]([C@@]1(C(=CC(=O)C=C1)CC2)C)[C@@H](O)C[C@@]3([C@](C(COC(COC(CCCCCCCCCCCCCCCCC)=O)=O)=O)(O)CC4)C,1.0,684.9550000000003,7.913200000000011,2.0,127.2,0.09226658339659057,False
[C@]34([C@H]([C@H]2[C@@H]([C@@]1(C(=CC(=O)C=C1)CC2)C)[C@H](C3)O)CC[C@@]4(C(COC(CC(C)(C)C)=O)=O)O)C,1.0,458.5950000000003,3.5447000000000024,2.0,100.9,0.625125288159786,False
[C@H]12[C@@]([C@](C(CC)=O)(C)[C@@H](C1)C)(C[C@H](O)[C@H]3[C@H]2CCC4=CC(=O)C=C[C@]34C)C,1.0,370.5330000000001,4.496500000000005,1.0,54.37,0.7786891088285057,False
[C@H]12[C@@](C(OC(=O)C)([C@H](C1)C)C(SC)=O)(C[C@H](O)C3(F)[C@H]2CCC4=CC(=O)C=C[C@]34C)C,1.0,450.57200000000023,3.7947000000000024,1.0,80.67000000000002,0.6449292485575311,False
[C@]23([C@H]([C@H]1[C@]([C@@](SCC)(SC)CC1)(C)C[C@@H]2O)CCC4=CC(=O)C=C[C@]34C)F,1.0,410.6200000000002,5.169600000000005,1.0,37.3,0.6514811373362351,False
[C@H]24[C@H]1[C@@]([C@](O)([C@@H](C1)C)C(=O)CO)(C[C@H](O)[C@@H]2[C@@]3(C(=CC(=O)C=C3)C[C@H]4Cl)C)C,1.0,408.92200000000014,2.0209,3.0,94.83000000000001,0.6074783648287087,False
[C@@]4([C@@]3([C@H]([C@H]2[C@]([C@@]1(C(=CC(=O)C=C1)CC2)C)(Cl)[C@H](C3)O)C[C@@H]4C)C)(C(COC(CC)=O)=O)OC(CC)=O,1.0,521.0500000000004,4.086800000000004,1.0,106.97,0.4149432383701715,False
[C@@]4([C@@]3([C@H]([C@H]2[C@]([C@@]1(C(=CC(=O)C=C1)CC2)C)(F)[C@H](C3)O)C[C@@H]4C)C)(C(COC(C)=O)=O)OC(C(C)C)=O,1.0,504.59500000000037,3.6734000000000027,1.0,106.97,0.5694407911310895,False
[C@H]34[C@H]2[C@@]([C@@]1(C(=CC(=O)C=C1)CC2)C)([C@@H](O)C[C@@]3([C@](C(COC(C)=O)=O)(O)[C@H](C4)C)C)F,1.0,434.5040000000002,2.4665,2.0,100.9,0.6621165611785135,False
[C@@]4([C@@]3([C@H]([C@H]2[C@]([C@@]1(C(=CC(=O)C=C1)CC2)C)(F)[C@H](C3)O)C[C@@H]4C)C)(C(COC(CC)=O)=O)OC(CC)=O,1.0,504.5950000000004,3.8175000000000034,1.0,106.97,0.5482119854331166,False
[C@@]23(F)C(C1C([C@](O)(C(C1)C)C(=O)CCl)(CC2O)C)CCC4=CC(=O)C=CC34C,1.0,410.9130000000002,3.1422000000000017,2.0,74.6,0.6856465614822046,False
[C@]4([C@@]3([C@H]([C@H]2[C@]([C@@]1(C(=CC(=O)C=C1)CC2)C)(F)[C@H](C3)O)C[C@@H]4C)C)(OC(CC)=O)C(CCl)=O,1.0,466.9770000000003,4.103100000000004,1.0,80.67,0.49795893985199036,False
CC4CC3C2CC(F)(F)C1=CC(=O)C=CC1(C)C2(F)C(O)CC3(C)C4(O)C(=O)COC(C)=O,1.0,470.4840000000003,2.7117000000000013,2.0,100.9,0.615543325925443,False
[C@@]4([C@@]3([C@H]([C@H]2[C@]([C@@]1(C(=CC(=O)C=C1)[C@H](C2)F)C)(F)[C@H](C3)O)C[C@@H]4C)C)(C(COC(C)=O)=O)OC(C)=O,1.0,494.5310000000004,2.9853000000000014,1.0,106.97,0.5990209425922621,False
[C@@]4([C@@]3([C@H]([C@H]2[C@]([C@@]1(C(=CC(=O)C=C1)[C@H](C2)F)C)(F)[C@H](C3)O)CC4)C)(C(COC(C)=O)=O)OC(CCC)=O,1.0,508.5580000000005,3.5195000000000025,1.0,106.97,0.5473104243510836,False
[C@]23([C@H]([C@H]1[C@]([C@](C(CO)=O)(C)[C@@H](C1)C)(C)C[C@@H]2O)CCC4=CC(=O)C=C[C@]34C)F,1.0,390.4950000000001,3.1709000000000023,2.0,74.6,0.7594940922043283,False
[C@H]34[C@H]2[C@@](F)([C@@]1(C(=CC(=O)C=C1)CC2)C)[C@@H](O)C[C@@]3([C@](O)([C@H](C4)C)C(=O)C)C,1.0,376.46800000000013,2.923300000000001,2.0,74.6,0.7379088954419751,False
[C@H]23[C@@]([C@@]1(C(=CC(=O)C=C1)[C@H](C2)F)C)([C@H](C[C@]4([C@H]3C[C@@H](C)[C@@]4(C(CO)=O)O)C)O)F,1.0,410.4570000000001,1.8436999999999997,3.0,94.83,0.6458961652645262,False
[C@]12(F)[C@H](CC4([C@H](C1C[C@@H](C3=CC(=O)C=CC23C)F)C[C@H]([C@]4(O)C(=O)COC(=O)C(C)(C)C)C)C)O,1.0,494.57500000000033,3.4407000000000028,2.0,100.89999999999999,0.5832736199916968,False
[C@H]2(C1=CC(=O)C=C[C@@]1([C@@]4([C@@H](C2)[C@@H]3C[C@@H](O)[C@]([C@@]3(C)C[C@@H]4O)(O)C(=O)CO)F)C)F,1.0,412.42900000000003,0.5684999999999996,4.0,115.06000000000002,0.52723333602568,False
[C@H]24[C@H]1[C@@]([C@@H](C(C(OCCCC)=O)=O)[C@@H](C1)C)(C[C@@H]([C@@H]2[C@@]3(C(=CC(=O)C=C3)[C@H](C4)F)C)O)C,1.0,446.55900000000014,3.987700000000004,1.0,80.67,0.3924195828674497,False
[C@H]24[C@H]1[C@@]([C@@H](C(CO)=O)[C@@H](C1)C)(C[C@@H]([C@@H]2[C@@]3(C(=CC(=O)C=C3)[C@H](C4)F)C)O)C,1.0,376.4680000000001,2.636700000000001,2.0,74.6,0.776974150012238,False
[C@]23([C@H]([C@H]1[C@]([C@](C(C)=O)(O)CC1)(C)C[C@@H]2O)C[C@H](C)C4=CC(=O)C=C[C@]34C)F,1.0,376.4680000000001,2.923300000000001,2.0,74.6,0.7379088954419751,False
[C@H]23[C@@]([C@@]1(C(=CC(=O)C=C1)CC2)C)([C@H](C[C@]4([C@H]3CC[C@@]4(C([C@@H](OC(C)=O)C)=O)O)C)O)F,1.0,434.5040000000001,2.6090000000000013,2.0,100.9,0.6625308895744778,False
[C@H]24[C@H]1[C@@]([C@](C(CO)=O)(O)CC1)(C[C@@H]([C@@H]2[C@@]3(C(=CC(=O)C=C3)[C@H](C4)F)C)O)C,1.0,378.44000000000005,1.5055999999999998,3.0,94.83,0.6770422256433895,False
[C@@]4(OC(=O)CCCC)(C3(C(C2C(C1(C(=CC(=O)C=C1)C(F)C2)C)C(O)C3)CC4)C)C(=O)CO,1.0,462.55800000000033,3.246700000000002,2.0,100.90000000000002,0.5879665236850703,False
[C@H]23[C@@]([C@@]1(C(=CC(C(=C1)Cl)=O)[C@H](C2)F)C)([C@H](C[C@]4(C3C[C@H]([C@@]4(C(CO)=O)O)C)C)O)F,1.0,444.90200000000016,2.410200000000002,3.0,94.83,0.607686505335402,False
[C@@]4([C@@]3([C@H]([C@H]2[C@]([C@@]1(C(=CC(=O)C=C1)CC2)C)(Cl)[C@H](C3)O)C[C@H]4C)C)(C(COC(C)=O)=O)OC(CCC)=O,1.0,521.0500000000004,4.086800000000004,1.0,106.97,0.4149432383701715,False
[C@H]24[C@H]1[C@@]([C@](C(CO)=O)(O)CC1)(C[C@@H]([C@@H]2[C@@]3(C(=CC(=O)C=C3)[C@H](C4)C)C)O)C,1.0,374.4770000000001,1.8035999999999999,3.0,94.83,0.685142538776804,False
[C@H]24[C@H]1[C@@]([C@](C(COC(C)=O)=O)(O)CC1)(C[C@@H]([C@@H]2[C@@]3(C(=CC(=O)C=C3)[C@H](C4)C)C)O)C,1.0,416.5140000000001,2.3744000000000005,2.0,100.90000000000002,0.6853079587762,False
[C@H]24[C@H]1[C@@]([C@](C(COC(CCC(O)=O)=O)=O)(O)CC1)(C[C@@H]([C@@H]2[C@@]3(C(=CC(=O)C=C3)[C@H](C4)C)C)O)C,1.0,474.55000000000024,2.2192999999999996,3.0,138.2,0.4983304096149554,False
[C@]12(C(=CC(C=C1)=O)[C@H](C[C@H]3[C@H]4[C@](C[C@@H]([C@H]23)O)([C@](C(=O)CO)(O)[C@@H](C4)C)C)F)C,1.0,392.46700000000016,1.7515999999999996,3.0,94.83,0.6656095476516463,False
[C@]34([C@H]([C@H]2[C@@H]([C@@]1(C(=CC(=O)C=C1)CC2)C)[C@H](C3)O)CC[C@@]4(C(COC(C)=O)=O)O)C,1.0,402.4870000000002,2.1284,2.0,100.9,0.7016123362777873,False
[C@]14([C@@](C(=O)COC(CCC(=O)[O-])=O)(CC[C@H]1[C@@H]3CCC2=CC(C=C[C@@]2([C@H]3[C@H](C4)O)C)=O)O)C.[Na+],1.0,482.5050000000002,-2.357399999999995,2.0,141.03,0.31657044620117747,False
C(C)CCC(=O)OC3(CCC4C2CCC1=CC(=O)C=CC1(C)C2C(O)CC34C)C(=O)CO,1.0,444.5680000000002,3.2987000000000024,2.0,100.90000000000002,0.609862157564896,False
[C@]14([C@](OC(=O)CC)([C@@H](CC1C3[C@@](F)(C2(C(=CC(=O)C=C2)[C@@H](F)C3)C)[C@@H](O)C4)C)C(SC)=O)C,1.0,482.5890000000002,4.132800000000003,1.0,80.67000000000002,0.6095011811967255,False
CSC(=O)C3(O)C(C)CC4C2CCC1=CC(=O)C=CC1(C)C2(F)C(O)CC34C,1.0,408.5350000000001,3.223900000000002,2.0,74.6,0.6968597901732202,False
[C@]34([C@H]([C@H]2[C@]([C@@]1(C(=CC(=O)C=C1)CC2)C)(F)[C@H](C3)O)C[C@H]([C@@]4(C(COC(C)=O)=O)O)OC(C)=O)C,1.0,478.5130000000003,1.7620999999999996,2.0,127.20000000000002,0.5855060519155003,False
CC4CC3C2CC(F)C1=CC(=O)C=CC1(C)C2(F)C(O)CC3(C)C4(O)C(=O)CCl,1.0,428.90300000000025,3.090200000000002,2.0,74.6,0.6626797624449254,False
OC1N=C(c2ccccc2)c3cc(Cl)ccc3NC1=O,1.0,286.718,2.4478999999999997,2.0,61.690000000000005,0.8457292457729301,False
CN1C(=O)C(O)N=C(c2ccccc2)c3cc(Cl)ccc13,1.0,300.74500000000006,2.4722,1.0,52.900000000000006,0.879421465403288,False
CN1C(=O)CN=C(c2ccccc2F)c3cc(ccc13)[N+]([O-])=O,1.0,313.28800000000007,2.5477000000000007,0.0,75.81,0.6313255490777444,False
[O-][N+](=O)c1ccc2NC(=O)CN=C(c3ccccc3Cl)c2c1,1.0,315.716,3.037700000000001,1.0,84.60000000000001,0.682474275950086,False
CN1C(=O)CN=C(c2ccccc2)c3cc(Cl)ccc13,1.0,284.74600000000004,3.153800000000002,0.0,32.67,0.79164533623487,False
CCN(CC)CCN1C(=O)CN=C(c2ccccc2F)c3cc(Cl)ccc13,1.0,387.88600000000014,4.004900000000003,0.0,35.91,0.7505075074463576,False
OC1N=C(c2ccccc2Cl)c3cc(Cl)ccc3NC1=O,1.0,321.163,3.101300000000001,2.0,61.690000000000005,0.847697894583369,False
[O-][N+](=O)c1ccc2NC(=O)CN=C(c3ccccc3)c2c1,1.0,281.271,2.3843000000000005,1.0,84.60000000000001,0.6771088741597446,False
Clc1ccc2NC(=O)CN=C(c3ccccc3)c2c1,1.0,270.719,3.129500000000001,1.0,41.46,0.8498120203195163,False
C1=C(Cl)C=CC2=C1C(=NC(OC(N(C)C)=O)C(N2C)=O)C3=CC=CC=C3,1.0,371.82400000000007,3.1781000000000015,0.0,62.21,0.8140970679577944,False
C1=C(Cl)C=CC2=C1C(=NC(O)C(N2CCC#N)=O)C3=CC=CC=C3F,1.0,357.77200000000005,2.8951800000000008,1.0,76.69,0.9171302539996773,False
C1=C(Cl)C=CC2=C1C(=NCC(N2CC[S](CC)(=O)=O)=O)C3=CC=CC=C3F,1.0,408.88200000000006,3.097800000000002,0.0,66.81,0.7630476683089963,False
CN2C(=O)C(O)N=C(c1ccccc1F)c3cc(Cl)ccc23,1.0,318.73500000000007,2.611300000000001,1.0,52.900000000000006,0.8784655827246939,False
C1=CC(=CC2=C1N(C(CN=C2C3=CC=CC=C3)=O)C[P](C)(C)=O)Cl,1.0,360.78100000000006,4.104200000000003,0.0,49.74,0.7734846767657694,False
C1=C(Cl)C=CC2=C1C(=NC(O)C(N2C)=O)C3=CC=CC=C3Cl,1.0,335.19000000000005,3.1256000000000013,1.0,52.900000000000006,0.8705347056850515,False
[C@H]2(N=C(C1=C(C=CC(=C1)[N+](=O)[O-])NC2=O)C3=CC=CC=C3Cl)C,1.0,329.743,3.4262000000000015,1.0,84.6,0.6762936072282917,False
C1=C([N+](=O)[O-])C=CC2=C1C(=NCC(N2COC)=O)C3=CC=CC=C3,1.0,325.32399999999996,2.3827000000000007,0.0,85.03999999999999,0.6378785767590404,False
C1=C([N+]([O-])=O)C=CC2=C1C(=NCC(=O)N2C)C3=CC=CC=C3,1.0,295.29799999999994,2.4086000000000007,0.0,75.80999999999999,0.6303314667677087,False
C1=C(Cl)C=CC2=C1C(=NC(C(=O)N2)OC(C(C)(C)C)=O)C3=CC=CC=C3,1.0,370.83600000000007,4.044900000000002,1.0,67.75999999999999,0.8108490011106948,False
C1=C(Cl)C=CC2=C1C(=NCC(N2CC(CO)O)=O)C3=CC=CC=C3F,1.0,362.788,2.0162999999999998,2.0,73.13,0.8735534306072877,False
C1=C(Cl)C=CC2=C1C(=NCC(N2)=O)C3=CC=CC=C3Cl,1.0,305.164,3.7829000000000015,1.0,41.46,0.8555651223791706,False
C1=C(Cl)C=CC2=C1C(=NC(O)C(N2CCO)=O)C3=CC=CC=C3F,1.0,348.761,1.9737999999999998,2.0,73.13,0.8904019253267632,False
C1=C(Cl)C=CC2=C1C(=NC(C(=O)N2)C(OCC)=O)C3=CC=CC=C3F,1.0,360.77200000000005,3.2003000000000013,1.0,67.75999999999999,0.6747919479809409,False
C1=C(Cl)C=CC2=C1C(=NCC(=O)N2C)C3=CC=CC=C3F,1.0,302.736,3.2929000000000013,0.0,32.67,0.7953754116327587,False
C1=C(Cl)C=CC2=C1C(=NCC(=O)N2CC(F)(F)F)C3=CC=CC=C3,1.0,352.743,4.086300000000002,0.0,32.67,0.8010325134858473,False
C1=C(Cl)C=CC2=C1C(=NCC(N2CC#C)=O)C3=CC=CC=C3,1.0,308.768,3.1572000000000013,0.0,32.67,0.7844421215880344,False
ClC1=CC=C(C2=C1)SC3=C(N2CCCNC)C=CC=C3,1.0,304.84599999999995,4.552200000000003,1.0,15.27,0.8341331318159723,False
ClC1=CC=C(SC(C=CC=C2)=C2N3CCCN)C3=C1,1.0,290.819,4.291500000000003,1.0,29.259999999999998,0.9141108034033433,False
CN(C)CCCN1c2ccccc2Sc3ccccc13,1.0,284.42800000000005,4.241000000000003,0.0,6.48,0.8288580486751157,False
CC(CN1c2ccccc2Sc3ccccc13)N(C)C,1.0,284.428,4.239400000000003,0.0,6.48,0.8321538928687809,False
CCC(=O)c1ccc2Sc3ccccc3N(CC(C)N(C)C)c2c1,1.0,340.4920000000001,4.832100000000005,0.0,23.550000000000004,0.7273120276641492,False
CN(C)CCCN1c2ccccc2Sc3ccc(cc13)C(F)(F)F,1.0,352.42500000000007,5.259800000000004,0.0,6.48,0.7410247450790446,False
CN(C)CCCN1c2ccccc2Sc3ccc(cc13)C(C)=O,1.0,326.46500000000015,4.4436000000000035,0.0,23.55,0.7577920516947434,False
N1(c2c(Sc3c1cccc3)ccc(c2)Cl)CCCNC,1.0,304.84600000000006,4.552200000000004,1.0,15.27,0.8341331318159722,False
N1(c2c(Sc3c1cccc3)ccc(c2)Cl)CCCN,1.0,290.8190000000001,4.291500000000003,1.0,29.259999999999998,0.9141108034033433,False
CN(C)CCCN1c2ccccc2Sc3ccc(Cl)cc13,1.0,318.8730000000001,4.894400000000004,0.0,6.48,0.7918053413291345,False
CCc1ccc2Sc3ccccc3N(CC(C)CN(C)C)c2c1,1.0,326.50900000000007,5.049400000000005,0.0,6.48,0.7589968123519338,False
COc1ccc2Sc3ccccc3N(CCCN(C)C)c2c1,1.0,314.45400000000006,4.249600000000004,0.0,15.71,0.819247768443118,False
COc1ccc2Sc3ccccc3N(C[C@H](C)CN(C)C)c2c1,1.0,328.4810000000001,4.495600000000004,0.0,15.71,0.8027021109078472,False
CNCCCN1c2ccccc2Sc3ccccc13,1.0,270.401,3.898800000000003,1.0,15.27,0.848305432899963,False
C1=CC=CC3=C1N(C2=C(C=CC=C2)S3)C(CN(C)C)=O,1.0,284.384,3.377500000000002,0.0,23.55,0.8444142462008497,False
C1=C(C(F)(F)F)C=CC3=C1N(C2=C(C=CC=C2)S3)C(CCN(CC)CC)=O,1.0,394.4620000000003,5.566600000000004,0.0,23.55,0.6626906916343409,False
C1=CC2=C(C=C1)SC3=C(N2CC(C)N(C)C)C=C(C=C3)C(=O)C,1.0,326.4650000000001,4.442000000000004,0.0,23.55,0.7749780480949613,False
C1=CC=CC3=C1N(C2=C(C=CC=C2)S3)CC(CN(C)C)C,1.0,298.45500000000004,4.487000000000004,0.0,6.48,0.8210774052142695,False
C1=CC=CC3=C1N(C2=C(C=CC=C2)S3)CC(CN(C)C)N(C)C,1.0,327.49700000000007,3.781100000000003,0.0,9.72,0.8261939720609262,False
C1=C(C#N)C=CC3=C1N(C2=C(C=CC=C2)S3)CC(CN(C)C)C,1.0,323.4650000000001,4.358680000000003,0.0,30.270000000000003,0.8361911108543875,False
C1=CC=CC3=C1N(C2=C(C=CC=C2)S3)CCN(CC)CC,1.0,298.45500000000004,4.631100000000004,0.0,6.48,0.7943099929061821,False
C1=CC=CC3=C1N(C2=C(C=CC=C2)S3)CC(N(CC)CC)C,1.0,312.4820000000001,5.019600000000005,0.0,6.48,0.7651953187356423,False
[C@H](CN1C3=C(SC2=C1C=CC=C2)C=CC(=C3)OC)(CN(C)C)C,1.0,328.4810000000001,4.495600000000004,0.0,15.71,0.8027021109078472,False
C1=C(SC)C=CC3=C1N(C2=C(C=CC=C2)S3)CC(CN(C)C)C,1.0,344.54900000000015,5.208900000000006,0.0,6.48,0.6867081279759581,False
C1=CC=CC2=C1N(C3=C(S2)C=CC=C3)CC(C)N(C)C,1.0,284.42800000000005,4.239400000000004,0.0,6.48,0.8321538928687809,False
C1=CC=C2C(=C1)SC3=C(N2CC(C)CN(C)C)C=C(C=C3)C(F)(F)F,1.0,366.452,5.505800000000004,0.0,6.48,0.7048271890857075,False
C[C@]1(O)CC[C@H]2[C@@H]3CCC4=CC(=O)CC[C@]4(C)[C@H]3CC[C@]12C,0.0,302.4580000000001,4.269300000000004,1.0,37.3,0.7253305311285855,False
C[C@]12C[C@H](O)[C@H]3[C@@H](CCC4=CC(=O)CC[C@]34C)[C@@H]1CC[C@@H]2C(=O)CO,0.0,346.46700000000016,2.666700000000002,2.0,74.6,0.8060203920942326,False
C[C@]12CCC(=O)C=C1CC[C@H]3[C@@H]4CC[C@](O)(C(=O)CO)[C@@]4(C)C[C@H](O)[C@H]23,0.0,362.4660000000001,1.7815999999999999,3.0,94.83,0.6960164410604959,False
C[C@]12CC[C@H]3[C@@H](CCC4=CC(=O)CC[C@H]34)[C@@H]1CC[C@@H]2O,0.0,274.40399999999994,3.4891000000000028,1.0,37.3,0.733928635563028,False
C[C@]12CC[C@H]3[C@@H](CCC4=CC(=O)CC[C@H]34)[C@@H]1CC[C@@]2(O)C#C,0.0,298.426,3.4925000000000024,1.0,37.3,0.6950885218084817,False
CC(=O)[C@H]1CC[C@H]2[C@@H]3CCC4=CC(=O)CC[C@]4(C)[C@H]3CC[C@]12C,0.0,314.46900000000005,4.723500000000005,0.0,34.14,0.7013194281770768,False
C[C@]12CC[C@H]3[C@@H](CCC4=CC(=O)CC[C@]34C)[C@@H]1CC[C@@H]2O,0.0,288.431,3.879200000000003,1.0,37.3,0.7342296115534325,False
C[C@]12CCC(=O)C=C1CC[C@H]3[C@@H]4CC[C@H](C(=O)CO)[C@]4(C[C@H](O)[C@H]23)C=O,0.0,360.45000000000005,1.8457,2.0,91.67000000000002,0.7495819625294382,False
C(O)C(=O)C4(O)C3(C(C2C(C1(C(=CC(=O)CC1)CC2)C)CC3)CC4)C,1.0,346.4670000000002,2.8108000000000013,2.0,74.6,0.806162175894599,False
[C@H]23[C@@]([C@@]1(C(=CC(=O)CC1)CC2)C)([C@H](C[C@]4([C@H]3CC[C@@]4(C(CO)=O)O)C)O)F,1.0,380.456,1.8737,3.0,94.83,0.6798949641188836,False
[C@H]23[C@@]([C@@]1(C(=CC(=O)CC1)CC2)C)([C@H](C[C@]4([C@H]3CC[C@@]4(C(COC(C)=O)=O)O)C)O)F,1.0,422.4930000000001,2.444500000000001,2.0,100.9,0.6778330887220735,False
[C@]34([C@H]([C@H]2[C@@H]([C@@]1(C(=CC(=O)CC1)CC2)C)[C@H](C3)O)CC[C@@]4(C(COC(CN(CC)CC)=O)=O)O)C,1.0,475.6260000000004,2.6743000000000006,2.0,104.14,0.5456854445989993,False
[C@@]4([C@@]3([C@H]([C@H]2[C@@H]([C@@]1(C(=CC(=O)CC1)CC2)C)[C@H](C3)O)CC4)C)(C(COC(C)=O)=O)OC(CC)=O,1.0,460.56700000000035,3.3133000000000017,1.0,106.97,0.6273259328568856,False
[C@]34([C@H]([C@H]2[C@@H]([C@@]1(C(=CC(=O)CC1)CC2)C)[C@@H](O)C3)CC[C@]4(O)C(=O)COC(=O)CCC(O)=O)C.O,1.0,480.55400000000037,1.3725999999999996,3.0,169.70000000000002,0.47863239978386185,False
[C@@]4(OC(=O)CCCC)(C3(C(C2C(C1(C(=CC(=O)CC1)CC2)C)C(O)C3)CC4)C)C(=O)CO,1.0,446.5840000000004,3.5227000000000026,2.0,100.90000000000002,0.6056137866355811,False
[C@@H]23[C@H]([C@H]1[C@]([C@@H](C(C)=O)CC1)(C)C[C@@H]2O)C[C@H](C)C4=CC(=O)CC[C@]34C,1.0,344.4950000000001,3.9403000000000032,1.0,54.37,0.783702358223521,False
CCC(=O)C1(O)CCC2C3CCC4=CC(=O)CCC4(C)C3C(O)CC21C,1.0,360.4940000000001,3.199300000000002,2.0,74.6,0.7929337612911787,False
[C@H]34[C@H]2[C@@H]([C@@]1(C(=CC(=O)CC1)CC2)C)[C@@H](O)C[C@@]3([C@](C(CS)=O)(O)CC4)C,1.0,378.5340000000001,2.719100000000001,3.0,74.6,0.6460941000311138,False
[C@@H]23[C@H]([C@H]1[C@]([C@](C(CSC(C(C)(C)C)=O)=O)(O)CC1)(C)C[C@@H]2O)CCC4=CC(=O)CC[C@]34C,1.0,462.6520000000004,4.095200000000004,2.0,91.67000000000002,0.6562318214209198,False
[C@H]34[C@H]2[C@@H]([C@@]1(C(=CC(=O)CC1)CC2)C)CC[C@@]3([C@](O)([C@H](O)C4)C(=O)C)C,1.0,346.46700000000004,2.8092000000000015,2.0,74.6,0.7655135566014469,False
[C@@]4([C@@]3([C@H]([C@H]2[C@@H]([C@@]1(C(=CC(=O)CC1)[C@H](C2)C)C)[C@H](C3)O)CC4)C)(C(COC(C)=O)=O)OC(CCC)=O,1.0,488.62100000000044,3.9494000000000034,1.0,106.97,0.5642460025798239,False
[C@]34([C@H]([C@H]2[C@@H]([C@@]1(C(=CC(=O)CC1)CC2)C)[C@H](C3)O)CC[C@@]4(C(COC(C)=O)=O)O)C,1.0,404.5030000000002,2.3524000000000003,2.0,100.9,0.7005234282178955,False
[C@@]4([C@@]3([C@H]([C@H]2[C@@H]([C@@]1(C(=CC(=O)CC1)CC2)C)[C@H](C3)O)CC4)C)(C(COC(CC)=O)=O)OC(CCC)=O,1.0,488.62100000000044,4.093500000000003,1.0,106.97,0.5378739644790023,False
[C@]4([C@@]3([C@H]([C@H]2[C@@H]([C@@]1(C(=CC(=O)CC1)CC2)C)[C@H](C3)O)CC4)C)(OC(CCC)=O)C(CO)=O,1.0,432.5570000000003,3.1326000000000023,2.0,100.9,0.6475279981236736,False
CCC(=O)C(CC(C)N(C)C)(c1ccccc1)c2ccccc2,1.0,309.45300000000003,4.292000000000004,0.0,20.310000000000002,0.7601212787758543,False
[H+].[Cl-].CCN(CC)CCOC(=O)C(O)(c1ccccc1)c2ccccc2,1.0,363.88500000000005,-0.07599999999999785,1.0,49.769999999999996,0.6667457137854759,False
CN(C)CCOC(c1ccccc1)c2ccccc2,1.0,255.36100000000002,3.3542000000000023,0.0,12.47,0.7845504400951161,False
CN(C)CCOC(c1ccccc1)c2ccccc2C,1.0,269.38800000000003,3.662620000000003,0.0,12.47,0.7932087270574181,False
CC(CN(C)C)OC(C)(c1ccccc1)c2ccc(Cl)cc2,0.0,317.86,4.570200000000004,0.0,12.47,0.7734982720618874,False
C2=C(C(C1=CC=CC=C1)(C(OC(=O)C)CC)CC(N(C)C)C)C=CC=C2,1.0,353.50600000000003,4.654600000000005,0.0,29.54,0.6468185140544594,False
[C@H](C(C1=CC=CC=C1)(C2=CC=CC=C2)C[C@H](N(C)C)C)(CC)O,1.0,311.46900000000005,4.083800000000004,1.0,23.47,0.832496141486902,False
C1=CC(=CC=C1C(C2=CC=CC=C2)SCCN(C)C)SCCCC,1.0,359.60400000000016,5.963000000000005,0.0,3.24,0.3802992091344336,False
C2=C(C(C1=CC=CC=C1)(CC(NNC(C)=O)=O)O)C=CC=C2,1.0,298.342,1.4799,3.0,78.42999999999999,0.7481574288440702,False
C2=C(C(C1=CC=CC=C1)(C(CCCCC)N)O)C=CC=C2,1.0,283.4149999999999,3.8301000000000016,2.0,46.25,0.7585806506981768,False
C2=C(C(C1=CC=CC=C1)[S](CC(N)=O)=O)C=CC=C2,1.0,273.35699999999997,2.01,1.0,60.160000000000004,0.9055446265663242,False
C2=C(C(C1=CC=CC=C1)OCCNC)C(=CC=C2)C,1.0,255.36099999999996,3.3204200000000013,1.0,21.259999999999998,0.7994994906582641,False
C2=C(C(CC(N(C)C)C)(C(CC)O)C1=CC=CC=C1)C=CC=C2,1.0,311.469,4.083800000000004,1.0,23.47,0.832496141486902,False
[H+].C2=C(CC1=CC=CC=C1)C(=CC=C2)OCCCCNC.[Cl-],1.0,305.84899999999993,0.7722999999999993,1.0,21.259999999999998,0.7276756132418746,False
C2=C(C(OCCN(C)C)C1=CC=CC=C1)C=CC(=C2)Br,1.0,334.25700000000006,4.116700000000003,0.0,12.47,0.7880221004554364,False
C2=C(C(C1=CC=CC=C1)OCCN(C)C)C(=CC=C2)C(C)(C)C,1.0,311.46900000000005,4.651700000000004,0.0,12.47,0.7695984939686359,False
C2=C(C(C1=CC=CC=C1)(OCCN(C)C)C)C=CC(=C2)Cl,1.0,303.83299999999997,4.181700000000004,0.0,12.47,0.7934887989018063,False
C1=CC=CC(=C1)C(C(CN(C)C)O)C2=CC=C(C=C2)Cl,1.0,289.806,3.394400000000002,1.0,23.47,0.9118828878163242,False
C1=CC=CC=C1C(C2=CC=CC=C2)(C(CN(C)C)C)C(CC)=O,1.0,309.4530000000001,4.149500000000003,0.0,20.310000000000002,0.765572107047164,False
C1=CC=CC=C1C(C2=CC=CC=C2)(C(CC)=O)CC(N(C)C)C,1.0,309.45300000000003,4.292000000000003,0.0,20.310000000000002,0.7601212787758544,False
C2=C(C(C1=CC=CC=C1)(CCN(C)C)C(CC)=O)C=CC=C2,1.0,295.42599999999993,3.9035000000000037,0.0,20.310000000000002,0.7717982000417066,False
CCCC(C)C1(CC)C(=O)NC(=O)NC1=O,1.0,226.276,1.1849999999999998,2.0,75.27000000000001,0.7067836690245719,False
CCCC(C)C1(CC=C)C(=O)NC(=O)NC1=O,1.0,238.287,1.3510999999999997,2.0,75.27000000000001,0.5604883600608829,False
C=CCC1(CC=C)C(=O)NC(=O)NC1=O,1.0,208.21699999999998,0.491,2.0,75.27000000000001,0.5212105657671737,False
CCC1(CCC(C)C)C(=O)NC(=O)NC1=O,1.0,226.27599999999998,1.1849999999999998,2.0,75.27000000000001,0.7067836690245718,False
CCC#CC(C)C1(CC=C)C(=O)NC(=O)N(C)C1=O,1.0,262.30899999999997,1.3066,1.0,66.48,0.47348972477403223,False
CCC(C)C1(CC)C(=O)NC(=O)NC1=O,1.0,212.249,0.7948999999999999,2.0,75.27000000000001,0.6791427219817272,False
C(C1(C(NC(=O)NC1=O)=O)C(C)C)C=C,1.0,210.23299999999998,0.5708999999999995,2.0,75.27000000000001,0.5279211833596782,False
C(C1(C(NC(=O)NC1=O)=O)CC)C,1.0,184.19499999999996,0.15879999999999939,2.0,75.27000000000001,0.6000294014636102,False
C(C1(C(NC(=O)NC1=O)=O)CCCC)COC(N)=O,1.0,271.2729999999999,0.014399999999999635,3.0,127.59,0.5863462323304868,False
C(C1(C(NC(N(C1=O)C)=O)=O)CC)C,1.0,198.22199999999995,0.5009999999999997,1.0,66.48,0.6569080951365892,False
C(C1(C(NC(=O)NC1=O)=O)CC=C)C(C)O,1.0,226.23199999999997,-0.3142000000000002,3.0,95.50000000000001,0.4521631201321489,False
C(C1(C(CCC)CC)C(NC(=O)NC1=O)=O)C,1.0,240.303,1.5751,2.0,75.27000000000001,0.7162076332077046,False
C(C1(C(NC(=O)NC1=O)=O)CC=C)C(=C)Br,1.0,287.11299999999994,1.2135999999999998,2.0,75.27000000000001,0.6026122095371895,False
C(C1(C(NC(=O)NC1=O)=O)CC=C)C(C)C,1.0,224.25999999999996,0.9609999999999994,2.0,75.27000000000001,0.5513835393856523,False
C(C1(C(NC(=O)NC1=O)=O)CC=C)C(C)(C)C,1.0,238.28699999999995,1.3510999999999993,2.0,75.27000000000001,0.5753708556988948,False
C(C(C)C1(CC=C)C(=O)NC(NC1=O)=O)C,1.0,224.26,0.961,2.0,75.27000000000001,0.5513835393856523,False
C(C1(C(NC(=O)NC1=O)=O)C(=C/CC)/C)C,1.0,224.25999999999996,1.1050999999999993,2.0,75.27000000000001,0.5565734109876053,False
C(C(C1(C(NC(=O)NC1=O)=O)C=C)C)CC,1.0,224.25999999999996,0.9609999999999994,2.0,75.27000000000001,0.5513835393856523,False
c1(cc(c(cc1)Cl)Cl)CC(N1[C@@H](CN2CCCC2)CN(CC1)C(=O)C)=O,1.0,398.33400000000023,2.6910000000000007,0.0,43.86,0.7836127021676202,False
c1(ccc(c(c1)Cl)Cl)CC(N1[C@H](CN(CC1)C(=O)OC)CN1CCCC1)=O,1.0,414.33300000000025,2.9109000000000016,0.0,53.09,0.7606023238363271,False
c1(ccc(c(c1)Cl)Cl)CC(N1[C@H](CN(CC1)C(=O)OCC)CN1CCCC1)=O,1.0,428.3600000000003,3.301000000000002,0.0,53.09,0.722487008977729,False
c1(CC(N2[C@H](CN(CC2)C(=O)OCCC)CN2CCCC2)=O)cc(c(cc1)Cl)Cl,1.0,442.38700000000017,3.6911000000000023,0.0,53.09,0.6746096204152116,False
c1(ccc(c(c1)Cl)Cl)CC(=O)N1[C@H](CN(C(=O)C)CC1)C[N@@]1C[C@H](O)CC1,0.0,414.33300000000025,1.6617999999999997,1.0,64.09,0.814382349532743,False
c1(CC(N2[C@H](CN(CC2)C(=O)C)C[N@]2CC[C@H](C2)O)=O)ccc(C(F)(F)F)cc1,0.0,413.44,1.3738000000000004,1.0,64.09,0.8101806825977584,False
c1(ccc(cc1)SC)CC(N1[C@H](CN(CC1)C(=O)C)C[N@]1CC[C@H](C1)O)=O,0.0,391.5370000000002,1.0768999999999993,1.0,64.09,0.7612235926318361,False
c1(CC(N2[C@H](CN(CC2)C(=O)C)C[N@]2CC[C@H](C2)O)=O)cc(cc(c1)F)F,0.0,381.423,0.6332000000000004,1.0,64.09,0.8312737434729354,False
c1(CC(N2[C@H](CN(CC2)C(=O)C)C[N@]2CC[C@H](C2)O)=O)cc(ccc1)OC,0.0,375.46900000000005,0.36360000000000176,1.0,73.32000000000001,0.8047399438299423,False
c1(CC(N2[C@H](CN(CC2)C(=O)C)C[N@]2CC[C@H](O)C2)=O)ccc(N(=O)=O)cc1,0.0,390.4400000000001,0.2632000000000015,1.0,107.23000000000002,0.5710028680835918,False
c1(CC(N2[C@H](CN(CC2)C(=O)C)C[N@]2CC[C@H](C2)O)=O)ccc(OC)cc1,0.0,375.46900000000005,0.36360000000000176,1.0,73.32000000000001,0.8047399438299423,False
c1(CC(N2[C@H](CN(CC2)C(=O)C)C[N@]2CC[C@H](O)C2)=O)cc(ccc1)N(=O)=O,0.0,390.4400000000001,0.2632000000000015,1.0,107.23000000000002,0.5710028680835918,False
c1(ccccc1)CC(N1[C@H](CN(CC1)C(=O)C)C[N@]1CC[C@H](C1)O)=O,0.0,345.4430000000001,0.35500000000000137,1.0,64.09,0.8555917374855025,False
c1(CC(N2[C@H](CN(CC2)C(=O)C)C[N@]2CC[C@H](O)C2)=O)ccc([S@](=O)C)cc1,0.0,407.5360000000001,0.09240000000000181,1.0,81.16,0.7484423317793248,False
c1(CC(N2[C@H](CN(CC2)C(=O)C)C[N@]2CC[C@H](O)C2)=O)ccc(S(=O)(=O)C)cc1,0.0,423.53500000000014,-0.24149999999999738,1.0,98.22999999999999,0.7019459700818688,False
c1(ccc(c(c1)Cl)Cl)CC(=O)N1[C@H](C[N@@](C)CC1)CN1CCCC1,1.0,370.32400000000024,2.774300000000001,0.0,26.790000000000006,0.8156628879394056,False
c1(ccc(c(c1)Cl)Cl)CC(N1[C@@H](C[N@@]2C[C@@H](CC2)O)C[N@](CC1)CCO)=O,0.0,416.3490000000003,1.1075999999999997,2.0,67.25,0.7275742981669061,False
CCNC(=NC#N)NCCSCc1c(cccn1)Br,0.0,342.26599999999996,2.11348,2.0,73.1,0.35854531958802816,False
n(ccc1)c(c1)CCN(C)C,1.0,150.225,1.1857,0.0,16.130000000000003,0.6430190665178422,False
n(ccc1)c(c1)CCNC,1.0,136.198,0.8434999999999999,1.0,24.92,0.6658018289589027,False
CCc1cc(ccn1)C(N)=S,1.0,166.24899999999997,1.2782,1.0,38.91,0.6725460532160716,False
NNC(=O)c1ccncc1,0.0,137.142,-0.3149000000000006,2.0,68.00999999999999,0.3165786787720106,False
OCc1cccnc1,0.0,109.12799999999999,0.5739,1.0,33.120000000000005,0.571659552744487,False
CC(C)(C)NCC(O)c1ccc(O)c(CO)n1,0.0,240.303,0.7009999999999998,4.0,85.61,0.6222799026086435,False
c1c(nccc1)CCNC,1.0,136.198,0.8434999999999999,1.0,24.92,0.6658018289589027,False
c1c(nccc1)CCN(C)C,1.0,150.225,1.1857,0.0,16.130000000000003,0.6430190665178422,False
c1cc(CCNC)ncc1,1.0,136.198,0.8434999999999999,1.0,24.92,0.6658018289589027,False
c1cc(CCN(C)C)ncc1,1.0,150.22500000000002,1.1857,0.0,16.130000000000003,0.6430190665178424,False
CCNCc1c(O)c(C)ncc1CSC,1.0,226.34499999999997,2.06812,2.0,45.15,0.8065187401051553,False
C(C1=CN=CC=C1)(=O)N,1.0,122.12699999999998,0.1805,1.0,55.980000000000004,0.5772627921564857,False
C1=CC=NC=C1C(N(CC)CC)=O,1.0,178.23499999999996,1.5635999999999999,0.0,33.2,0.703412369622264,False
C1=C(C(=C(O)C(=N1)C)CNCC)CSC,1.0,226.34499999999997,2.06812,2.0,45.150000000000006,0.8065187401051553,False
C1=CN=CC=C1C(NNC(C)C)=O,1.0,179.22299999999998,0.7243999999999998,2.0,54.02,0.6722652900688486,False
[C@]12(OC(O[C@@H]1CC3C2(CC(O)C4(F)C3CCC5=CC(=O)C=CC45C)C)C=C)C(=O)CO,1.0,432.4880000000002,2.1948000000000003,2.0,93.06,0.6645195633151878,False
[C@H]23C([C@@]1(OC(O[C@@H]1C2)(CC)CC)C(=O)CO)(C[C@H](O)[C@@]4(F)C3CCC5=CC(=O)C=CC45C)C,1.0,462.5580000000002,3.1990000000000016,2.0,93.06,0.6666323272132851,False
[C@]12(OC(O[C@@H]1C[C@@H]3C2(CC(O)[C@H]4C3CCC5=CC(=O)C=CC45C)C)(C)C)C(=O)CO,1.0,416.51400000000024,2.326700000000001,2.0,93.06,0.7177493123306525,False
[C@@]23(Cl)C1(C(=CC(=O)C=C1)[C@@H](F)CC2C5C(CC3Cl)([C@]4(C(=O)CO)OC(O[C@@H]4C5)(C)C)C)C,1.0,487.3950000000003,3.8826000000000027,1.0,72.83000000000001,0.5990285726675203,False
[C@]12(OC(O[C@@H]1CC3C2(CC(O)[C@@]4(F)C3C[C@H](F)C5=CC(=O)C=CC45C)C)(C)C)C(=O)C(OC)OC,1.0,496.5470000000003,2.993400000000001,1.0,91.29,0.5986285372956529,False
[C@@]45([C@@]3([C@H]([C@H]2[C@]([C@@]1(C(=CC(=O)C=C1)[C@H](C2)F)C)(F)[C@H](C3)O)C[C@H]4OC(O5)(C)C)C)C(COC(C)=O)=O,1.0,494.5310000000004,2.9376000000000015,1.0,99.13,0.6025729235661359,False
[C@]34([C@H]([C@H]2C(F)([C@@]1(C(=CC(=O)C=C1)[C@@H](F)C2)C)[C@@H](O)C3)C[C@H]5O[C@H](O[C@@]45C(O[C@@H](OC(OCC)=O)C)=O)CCC)C,1.0,568.6100000000002,4.257800000000004,1.0,117.59,0.37051640903288796,False
[C@]12(OC(O[C@@H]1CC3C2(C[C@H](Cl)[C@@]4(Cl)C3C[C@H](F)C5=CC(=O)C=CC45C)C)(C)C)C(=O)CF,1.0,489.38600000000025,4.859800000000004,0.0,52.6,0.5203896876718855,False
[C@H]23C([C@@]1(OC(O[C@@H]1C2)(C)C)C(=O)CCl)(C[C@H](Cl)[C@@]4(Cl)C3C[C@H](F)C5=CC(=O)C=CC45C)C,1.0,505.84100000000024,5.1291000000000055,0.0,52.6,0.4883812705614351,False
[C@@]45([C@@]3([C@H]([C@H]2[C@@H]([C@@]1(C(=CC(=O)C=C1)CC2)C)[C@H](C3)O)C[C@H]4OC(O5)CCC)C)C(CO)=O,1.0,430.5410000000002,2.7168000000000014,2.0,93.06,0.7124527920741569,False
[C@]12(OC(O[C@@H]1CC3C2(CC(O)[C@H]4C3C[C@H](F)C5=CC(=O)C=CC45C)C)(C)C)C(=O)COC(=O)C,1.0,476.54100000000034,2.8455000000000013,1.0,99.13,0.6255831255168122,False
[C@@]45([C@@]3([C@H]([C@H]2[C@]([C@@]1(C(=CC(=O)C=C1)[C@H](C2)F)C)(F)[C@H](C3)O)C[C@H]4OC(O5)(C)C)C)C(CO)=O,1.0,452.4940000000003,2.366800000000001,2.0,93.06,0.6684104451867194,False
[C@@]23(F)C1(C(=CC(=O)C=C1)[C@@H](F)CC2C5C(CC3O)([C@]4(C(=O)COC(=O)CC)OC(O[C@@H]4C5)(C)C)C)C,1.0,508.5580000000004,3.327700000000002,1.0,99.13,0.5818654169817311,False
[C@@]45([C@@]3([C@H]([C@H]2[C@]([C@@]1(C(=CC(=O)C=C1)CC2)C)(F)[C@H](C3)O)C[C@H]4OC(O5)(C)C)C)C(CO)=O,1.0,434.50400000000025,2.4188000000000014,2.0,93.06,0.6935078414535659,False
[C@@]45([C@@]3([C@H]([C@H]2[C@]([C@@]1(C(=CC(=O)C=C1)CC2)C)(F)[C@H](C3)O)C[C@H]4OC(O5)(C)C)C)C(COC(CC(C)(C)C)=O)=O,1.0,532.6490000000005,4.405900000000004,1.0,99.13,0.5358144370210589,False
CN1CCN(CCCN2c3ccccc3Sc4ccc(Cl)cc24)CC1,1.0,373.95300000000015,4.580200000000004,0.0,9.72,0.775124662295156,False
OCCN1CCN(CCCN2c3ccccc3Sc4ccc(Cl)cc24)CC1,1.0,403.9790000000002,3.942700000000003,1.0,29.950000000000003,0.7886610933771963,False
CCSc1ccc2Sc3ccccc3N(CCCN4CCN(C)CC4)c2c1,1.0,399.6290000000003,5.0388000000000055,0.0,9.72,0.627821954333259,False
CN1CCN(CCCN2c3ccccc3Sc4ccc(cc24)C(F)(F)F)CC1,1.0,407.50500000000017,4.945600000000004,0.0,9.72,0.7094782580960448,False
CC(=O)c1ccc2Sc3ccccc3N(CCCN4CCN(CCO)CC4)c2c1,1.0,411.57100000000025,3.491900000000003,1.0,47.02000000000001,0.7040504664729512,False
CCC(=O)c1ccc2Sc3ccccc3N(CCCN4CCN(CCO)CC4)c2c1,1.0,425.59800000000035,3.8820000000000032,1.0,47.02000000000001,0.6479013320403015,False
CC(CN1CCN(CCOCCO)CC1)CN2c3ccccc3Sc4ccccc24,1.0,427.61400000000003,3.5519000000000025,1.0,39.18,0.6173215847589679,False
OCCN1CCN(CCCN2c3ccccc3Sc4ccc(cc24)C(F)(F)F)CC1,1.0,437.5310000000002,4.308100000000003,1.0,29.950000000000003,0.7278115473639667,False
C1=C(C(CCC)=O)C=CC3=C1N(C2=C(C=CC=C2)S3)CCCN4CCN(C)CC4,1.0,409.59900000000033,4.9096000000000055,0.0,26.790000000000006,0.6057477084201052,False
C1=C(C=CC3=C1N(CCCN2CCN(CC2)CCO)C4=C(S3)C=CC=C4)C(CC)=O,1.0,425.5980000000001,3.8820000000000032,1.0,47.02,0.6479013320403018,False
C1=C(C(F)(F)F)C=CC3=C1N(C2=C(C=CC=C2)S3)CCCN4CCN(CCOC(CCCCCC)=O)CC4,1.0,549.7030000000004,6.829400000000008,0.0,36.02,0.2134013967391394,False
C1=C(Cl)C=CC3=C1N(C2=C(C=CC=C2)S3)CCCN4CCN(CCO)CC4,1.0,403.9790000000003,3.942700000000003,1.0,29.950000000000003,0.788661093377196,False
C1=C(Cl)C=CC3=C1N(C2=C(C=CC=C2)S3)CCCN4CCN(CCOC(C)=O)CC4,1.0,446.0160000000004,4.513500000000004,0.0,36.02,0.583225643500821,False
C1=CC=CC2=C1N(C3=C(S2)C=CC(=C3)[S](N(C)C)(=O)=O)CCCN4CCN(CC4)C,1.0,446.6420000000004,3.177100000000002,0.0,47.10000000000001,0.6793152813864477,False
C1=C(C=CC3=C1N(CCCN2CCN(CC2)C)C4=C(S3)C=CC=C4)C(F)(F)F,1.0,407.50499999999994,4.945600000000005,0.0,9.72,0.7094782580960449,False
O.O.O.CC1(C)S[C@@H]2[C@H](NC(=O)[C@H](N)c3ccc(O)cc3)C(=O)N2[C@H]1C(O)=O,0.0,419.45600000000013,-2.4503999999999966,4.0,227.45999999999998,0.3844042483651283,False
CC1(C)S[C@@H]2[C@H](NC(=O)[C@H](N)c3ccccc3)C(=O)N2[C@H]1C(O)=O,0.0,349.4120000000001,0.3181000000000002,3.0,112.72999999999999,0.674878289478739,False
CC1(C)S[C@@H]2[C@H](NC(=O)C(C(O)=O)c3ccccc3)C(=O)N2[C@H]1C(O)=O,0.0,378.4060000000001,0.4864999999999999,3.0,124.00999999999999,0.5029511300621745,False
CC1(C)S[C@@H]2[C@H](NC(=O)Cc3ccccc3)C(=O)N2[C@H]1C(O)=O,0.0,334.39700000000005,0.8607999999999998,2.0,86.71000000000001,0.7977632704521287,False
CNC(=O)C[C@@H](N)C(=O)N[C@@H](C(=O)N[C@H]1[C@H]2SC(C)(C)[C@@H](N2C1=O)C(O)=O)c3ccc(O)cc3,0.0,493.5420000000003,-1.3553999999999948,6.0,191.15999999999997,0.23751592933960294,False
COC(C(=O)N[C@H]1[C@H]2SC(C)(C)[C@@H](N2C1=O)C(O)=O)c3ccc(Cl)c(Cl)c3,0.0,433.3130000000001,2.3126000000000007,2.0,95.94,0.6924811967803256,False
CC1(C)SC2C(NC(=O)C(N=C)c3ccccc3)C(=O)N2C1C(O)=O,0.0,361.4230000000001,1.0599999999999998,2.0,99.07,0.6034786742232948,False
CC(=O)OCOC(=O)C1N2C(SC1(C)C)C(NC(=O)Cc3ccccc3)C2=O,0.0,406.4600000000002,0.8399999999999996,1.0,102.00999999999999,0.42427760384376145,False
[Na].CC1(C)SC2C(NC(=O)Cc3ccccc3)C(=O)N2C1C(O)=O,0.0,357.3870000000001,0.4799999999999999,2.0,86.71000000000001,0.6046639169347199,False
CC(C)(C)C(=O)OCOC(=O)[C@@H]1N2[C@H](SC1(C)C)[C@H](NC(=O)[C@H](N)c3ccccc3)C2=O,0.0,463.55600000000015,1.3235000000000017,2.0,128.03,0.36731370130746416,False
CC1(C)S[C@@H]2[C@H](NC(=O)C(c3ccccc3)[S](O)(=O)=O)C(=O)N2[C@H]1C(O)=O,0.0,414.4610000000002,0.2472000000000002,3.0,141.07999999999998,0.4598043153310999,False
[Na+].[Na+].CC1(C)S[C@@H]2[C@H](NC(=O)[C@H](N[S]([O-])(=O)=O)c3ccccc3)C(=O)N2[C@H]1C([O-])=O,0.0,473.4400000000003,-7.917500000000008,2.0,158.76999999999995,0.23420406158968674,False
[Cl-].CN(C)[C@H]1[C@@H]2C[C@H]3C(=C(O)c4c(O)ccc(Cl)c4[C@@]3(C)O)C(=O)[C@]2(O)C(=O)\C(=C(N)/O)C1=O.[H+],0.0,515.3460000000003,-2.6010999999999953,6.0,181.62,0.10045224764897884,True
CN(C)[C@H]1[C@@H]2C[C@H]3C(=C(O)c4c(O)ccc(Cl)c4[C@@]3(C)O)C(=O)[C@]2(O)C(=O)\C(=C(N)/O)C1=O,0.0,478.88500000000033,0.28239999999999993,6.0,181.62,0.14181666395743917,False
O.C[C@@H]1[C@H]2[C@H](O)[C@H]3[C@H](N(C)C)C(=O)C(=C(N)/O)/C(=O)[C@@]3(O)C(=O)C2=C(O)c4c(O)cccc14,0.0,462.4550000000002,-1.3288999999999962,6.0,213.11999999999998,0.12512462583519998,False
O.O.CN(C)[C@H]1[C@@H]2[C@@H](O)[C@H]3C(=C(O)c4c(O)cccc4[C@@]3(C)O)C(=O)[C@]2(O)C(=O)\C(=C(N)/O)C1=O,0.0,496.46900000000034,-3.0495999999999954,7.0,264.84999999999997,0.08877876924298528,False
CN(C)[C@H]1[C@@H]2C[C@H]3C(=C(O)c4c(O)cccc4[C@@]3(C)O)C(=O)[C@]2(O)C(=O)\C(=C(N)/O)C1=O,0.0,444.4400000000002,-0.37100000000000005,6.0,181.62,0.14463697456300215,False
CN(C)[C@H]1[C@@H]2C[C@@H]3[C@H](O)c4c(Cl)ccc(O)c4C(=C3C(=O)[C@]2(O)C(=O)\C(=C(N)/O)C1=O)O,0.0,464.8580000000003,0.10829999999999979,6.0,181.61999999999998,0.14425106590600426,False
CN(C)[C@H]1[C@@H]2C[C@@H]3Cc4ccc(N)c(O)c4C(=C3C(=O)[C@]2(O)C(=O)\C(=C(N)/O)C1=O)O,0.0,429.4290000000002,-0.4537999999999989,6.0,187.41,0.08515755566316352,False
CN(C)[C@H]1[C@@H]2C[C@H]3C(=C(O)c4c(O)ccc(Cl)c4[C@@]3(C)O)C(=O)[C@]2(O)C(=O)\C(=C(/O)NCO)C1=O,0.0,508.91100000000034,-0.13689999999999963,7.0,187.85999999999999,0.09458996293998415,True
CN(C)[C@H]1[C@@H]2C[C@@H]3[C@H](O)c4cccc(O)c4C(=C3C(=O)[C@]2(O)C(=O)\C(=C(N)/O)C1=O)O,0.0,430.4130000000002,-0.5450999999999999,6.0,181.61999999999998,0.1463815045674733,False
[Cl-].CN(C)[C@H]1[C@@H]2C[C@H]3C(=C(O)c4c(O)ccc(Cl)c4[C@@]3(C)O)C(=O)[C@]2(O)C(=O)\C(=C(N)\O)C1=O.[H+],0.0,515.3460000000003,-2.6010999999999953,6.0,181.62,0.10045224764897884,True
CN(C)[C@H]1[C@@H]2C[C@@H]3Cc4c(ccc(O)c4C(=C3C(=O)[C@]2(O)C(=O)\C(=C(N)/O)C1=O)O)[N+]([O-])=O,0.0,459.41100000000023,-0.1277999999999998,5.0,204.52999999999997,0.09833640350844984,False
NCC1OC(OC2C(N)CC(N)C(OC3OC(CO)C(O)C(N)C3O)C2O)C(O)C(O)C1O,0.0,484.5030000000001,-7.2913999999999985,11.0,282.61,0.16685365193348575,False
NCC[C@H](O)C(=O)N[C@@H]1C[C@H](N)[C@@H](O[C@H]2O[C@H](CN)[C@@H](O)[C@H](O)[C@H]2O)[C@H](O)[C@H]1O[C@H]3O[C@H](CO)[C@@H](O)[C@H](N)[C@H]3O,1.0,585.6080000000002,-8.424200000000015,13.0,331.93999999999994,0.11306379404457513,True
NCC[C@H](O)C(=O)N[C@@H]1C[C@H](N)[C@@H](O[C@H]2O[C@H](CN)CC[C@H]2N)[C@H](O)[C@H]1O[C@H]3O[C@H](CO)[C@@H](O)[C@H](N)[C@H]3O,0.0,552.6260000000003,-6.3994000000000035,11.0,297.27,0.12000793324313748,True
NCC1OC(OC2C(N)CC(N)C(OC3OC(CO)C(O)C(N)C3O)C2O)C(N)C(O)C1O,0.0,483.5190000000001,-7.325000000000001,11.0,288.40000000000003,0.16713351793707487,False
NCCC(O)CNC1CC(N)C(OC2OC(CN)C(O)C(O)C2O)C(O)C1OC3OC(CO)C(O)C(N)C3O,0.0,571.6250000000001,-7.950800000000014,13.0,314.86999999999995,0.1093940312254712,True
NCC1CCC(N)C(O1)OC2C(N)CC(N)C(OC3OC(CO)C(O)C(N)C3O)C2O,0.0,451.52100000000013,-5.266599999999998,9.0,247.93999999999994,0.1831929990220661,False
CNC(C)C1CCC(N)C(O1)OC2C(N)CC(N)C(OC3OCC(C)(O)C(NC)C3O)C2O,0.0,477.6030000000002,-3.327499999999993,8.0,199.73,0.1815983099627802,False
CNC1C(O)C(OCC1(C)O)OC2C(O)C(OC3OC(CN)C(O)C(O)C3O)C(N)CC2NC(=O)C(O)CN,0.0,569.6090000000002,-7.524400000000013,12.0,297.71999999999997,0.12264295888602894,True
NCC1OC(OC2C(N)CC(NC(CO)CO)C(OC3OC(CO)C(O)C(N)C3O)C2O)C(N)C(O)C1O,0.0,557.5980000000003,-8.340900000000014,13.0,314.87,0.11846736836754132,True
NC[C@H]1O[C@H](O[C@@H]2[C@@H](N)C[C@@H](N)[C@H](O[C@H]3O[C@H](CO)[C@@H](O)[C@H](N)[C@H]3O)[C@H]2O)[C@H](N)C[C@@H]1O,0.0,467.52000000000015,-6.295799999999999,10.0,268.17,0.17400656822855506,False
C1=C(C(=CC(=C1[S](NC)(=O)=O)N)OC)C(NCC2N(CCC2)CC=C)=O,1.0,382.4860000000003,0.5657000000000012,3.0,113.75999999999999,0.44730480321838795,False
C1=C([S](CC)(=O)=O)C(=CC(=C1C(NCC2N(CCC2)CC)=O)OC)N,1.0,369.4870000000002,1.2851000000000004,2.0,101.73,0.7023165228263907,False
C1=C(C(C)=O)C=CC(=C1C(NCC2N(CCC2)CC)=O)OC,1.0,304.39,2.1119,1.0,58.64,0.8178697186978183,False
C1=C(C(=CC=C1[S](N)(=O)=O)OC)C(NCC2N(CCC2)C)=O,1.0,327.4060000000002,0.16660000000000008,2.0,101.72999999999999,0.8023618334919593,False
C1=C([S](CC)(=O)=O)C=CC(=C1C(NCC2N(CCC2)CC)=O)OC,1.0,354.4720000000002,1.7028999999999994,1.0,75.71000000000001,0.8065654652913979,False
C1=C([S](N)(=O)=O)C=C(C(=C1C(NCC2N(CCC2)CC=C)=O)OC)OC,1.0,383.4700000000002,0.7314000000000005,2.0,110.96000000000001,0.6404695987510074,False
C1=C([S](N)(=O)=O)C=CC(=C1C(NCC2N(CCC2)CCC)=O)OC,1.0,355.4600000000002,0.9467999999999994,2.0,101.73,0.7580345185836945,False
[C@H]2(CNC(C1=C(C=CC(=C1OC)Br)OC)=O)N(CCC2)CC,1.0,371.2750000000002,2.6804000000000014,1.0,50.800000000000004,0.8356024039257239,False
C1=C([S](=O)(=O)N)C=CC(=C1C(NCC2N(CC)CCC2)=O)OC,1.0,341.43300000000016,0.5566999999999995,2.0,101.73,0.7869434425499667,False
c1cn(CCO)c(CC)c(O)c1=O,0.0,183.207,0.10859999999999992,2.0,62.46,0.6986843957839168,False
c1cn(CCCCO)c(CC)c(O)c1=O,0.0,211.26099999999997,0.8887999999999998,2.0,62.46,0.7108617319340299,False
CN1C=CC(=O)C(=C1C)O,1.0,139.154,0.39931999999999995,1.0,42.230000000000004,0.5649178764789872,False
CCN1C=CC(=O)C(=C1C)O,1.0,153.18099999999998,0.8822199999999998,1.0,42.230000000000004,0.6504199589404025,False
CCCCN1C=CC(=O)C(=C1C)O,1.0,181.23499999999996,1.6624199999999998,1.0,42.230000000000004,0.7701828215290389,False
CCCCCN1C=CC(=O)C(=C1C)O,1.0,195.26199999999997,2.05252,1.0,42.230000000000004,0.7470253569482704,False
c1cn(CCCCC)c(C)c(O)c1=O,1.0,195.262,2.05252,1.0,42.230000000000004,0.7470253569482704,False
c1cn(CCCO)c(C)c(O)c1=O,0.0,183.207,0.24471999999999988,2.0,62.46,0.7054477308875765,False
CCN1C=CC(=O)C(=C1CC)O,1.0,167.20799999999997,1.1361999999999999,1.0,42.230000000000004,0.7171921829906592,False
CC(CN(C)C)CN1c2ccccc2CCc3ccccc13,1.0,294.442,4.121000000000003,0.0,6.48,0.8366473557753505,False
N1(c2c(CCc3c1cccc3)cccc2)CCCN,1.0,252.36099999999996,3.272100000000001,1.0,29.259999999999998,0.9080698598193961,False
CN(C)CCCN1c2ccccc2CCc3ccc(Cl)cc13,1.0,314.86,4.528400000000004,0.0,6.48,0.8178744322781549,False
CNCCCN1c2ccccc2CCc3ccccc13,1.0,266.388,3.5328000000000026,1.0,15.27,0.8516371541172786,False
CN(C)CCCN1c2ccccc2CCc3ccccc13,1.0,280.415,3.8750000000000027,0.0,6.48,0.8384623265941307,False
C1=CC=CC2=C1N(C3=C(CC2)C=CC=C3)CCC[N+](C)(C)[O-],1.0,296.41400000000004,3.8876000000000026,0.0,26.299999999999997,0.6318517900046072,False
C1=C(C#N)C=CC3=C1N(C2=C(C=CC=C2)CC3)CCCN(C)C,1.0,305.425,3.7466800000000022,0.0,30.270000000000003,0.8616273574857514,False
C1=CC=CC2=C1C(CC3=C(N2C)C=CC=C3)NC,1.0,238.334,3.2711000000000015,1.0,15.27,0.8199504685037802,False
C1=CC=CC2=C1N(C3=C(CC2)C=CC=C3)CCCN(C)C,1.0,280.415,3.8750000000000027,0.0,6.48,0.8384623265941307,False
OC1(CCN(CCCC(=O)c2ccc(F)cc2)CC1)c3cccc(c3)C(F)(F)F,1.0,409.42300000000006,4.791000000000005,1.0,40.54,0.5509263977096905,False
OC1(CCN(CCCC(=O)c2ccc(F)cc2)CC1)c3ccc(Br)cc3,1.0,420.32200000000006,4.534700000000004,1.0,40.54,0.6983745555932225,False
OC1(CCN(CCCC(=O)c2ccc(F)cc2)CC1)c3ccc(Cl)cc3,1.0,375.8710000000001,4.425600000000004,1.0,40.54,0.759345285057915,False
Cc1ccc(cc1)C2(O)CCN(CCCC(=O)c3ccc(F)cc3)CC2,1.0,355.45300000000003,4.080620000000003,1.0,40.54,0.7939500802874248,False
C1=CC=CC=C1C3(CCN(CCCC(C2=CC=C(F)C=C2)=O)CC3)CNC(C)=O,1.0,396.50600000000014,3.9585000000000026,1.0,49.410000000000004,0.6874187669543711,False
C1=C(C(=CC=C1C3(CCN(CCCC(C2=CC=C(F)C=C2)=O)CC3)O)Cl)C(F)(F)F,1.0,443.86800000000005,5.444400000000004,1.0,40.540000000000006,0.47684294151593015,False
C1=CC(=CC=C1C3(CCN(CCCC(C2=CC=C(C=C2)F)=O)CC3)OC(CCCCCCCCC)=O)Cl,1.0,530.1240000000005,8.117200000000008,0.0,46.61,0.13267098764320848,False
C1=CC(=CC=C1C3(CCN(CCCC(C2=CC=C(F)C=C2)=O)CC3)C(N(C)C)=O)Cl,1.0,430.95100000000014,4.5640000000000045,0.0,40.620000000000005,0.6042296823109917,False
C1=CC(=CC=C1C3(CCN(CCCC(C2=CC=C(C=C2)F)=O)CC3)OC(CCCCCCCCC)=O)Br,1.0,574.5750000000005,8.226300000000007,0.0,46.61,0.12217921139118727,False
COc1cccc2C(=O)c3c(O)c4C[C@](O)(C[C@H](O[C@H]5C[C@H](N)[C@H](O)[C@H](C)O5)c4c(O)c3C(=O)c12)C(=O)CO,0.0,543.5250000000003,0.0012999999999999123,6.0,206.06999999999996,0.2352625816856562,True
COc1cccc2C(=O)c3c(O)c4C[C@](O)(C[C@H](O[C@H]5C[C@H](N)[C@H](O)[C@H](C)O5)c4c(O)c3C(=O)c12)C(C)=O,0.0,527.5260000000003,1.0288999999999997,5.0,185.83999999999997,0.3051291560965146,False
[Cl-].CC(=O)[C@@]1(N)C[C@H](O[C@H]2C[C@H](O)[C@H](O)CO2)c3c(O)c4C(=O)c5ccccc5C(=O)c4c(O)c3C1.[H+],0.0,519.9340000000003,-2.251699999999995,5.0,176.61,0.23742763168763317,False
CC1OC(CC(N)C1O)OC2C[C@@](O)(Cc3c(O)c4C(=O)c5cccc(O)c5C(=O)c4c(O)c23)C(C)=O,0.0,513.4990000000003,0.7258999999999995,6.0,196.83999999999997,0.2699850553318156,True
CCOC(OCC)C(=O)OCC(=O)C1(O)CC(OC2CC(N)C(O)C(C)O2)c3c(O)c4C(=O)c5c(OC)cccc5C(=O)c4c(O)c3C1,0.0,673.6680000000001,0.9513000000000023,5.0,230.59999999999994,0.10837389615666525,False
COc1cccc2C(=O)c3c(O)c4C[C@@](O)(C[C@@H](OC5CC(N)CC(C)O5)c4c(O)c3C(=O)c12)C(=O)CO,0.0,527.5260000000004,1.0305,5.0,185.83999999999997,0.2984123018928681,False
C[C@@H]1O[C@H](C[C@H](N)[C@@H]1O)O[C@H]2C[C@@](O)(Cc3c(O)c4C(=O)c5ccccc5C(=O)c4c(O)c23)C(C)=O,0.0,497.5000000000003,1.020299999999999,5.0,176.60999999999999,0.32834650610487814,False
COc1cccc2C(=O)c3c(O)c4C[C@](O)(C[C@H](O[C@H]5C[C@H](NC(=O)[C@@H](N)CC(C)C)[C@H](O)[C@H](C)O5)c4c(O)c3C(=O)c12)C(=O)CO,0.0,656.6850000000002,0.5322000000000005,7.0,235.16999999999996,0.15595336812830843,True
CC1OC(CC(N)C1O)OC2CC(O)(Cc3c(O)c4C(=O)c5ccccc5C(=O)c4c(O)c23)C(=O)CO,0.0,513.4990000000004,-0.007300000000000806,6.0,196.83999999999997,0.25670338958593386,True
C1CCCCC1,1.0,84.162,2.3406000000000002,0.0,0.0,0.42231618686094674,False
NCC1(CCCCC1)CC(O)=O,1.0,171.24,1.3703,2.0,63.32,0.6737273296978755,False
ClCCN(N=O)C(=O)NC1CCCCC1,1.0,233.69899999999996,2.2509000000000006,1.0,61.77,0.4599613459771248,False
NC(=O)OC1(CCCCC1)C#C,1.0,167.208,1.4178,1.0,52.32000000000001,0.6002616319602779,False
NC(=O)OC1(CCCCC1)CC#C,1.0,181.23499999999999,1.8079,1.0,52.32000000000001,0.6603296556567574,False
C(C1CCCCC1)NN,1.0,128.219,1.03,2.0,38.05,0.43036215321996385,False
CC(C(C1CCCCC1)O)C,1.0,156.26900000000003,2.5836000000000006,1.0,20.23,0.6512123496140808,False
C(C1CCCCC1)CC(OCCN(C)C)=O,1.0,227.34799999999996,2.4517000000000007,0.0,29.54,0.6527714313556839,False
C(C(C1CCCCC1)OC(N)=O)C,1.0,185.267,2.4406000000000008,1.0,52.32,0.7337887831639445,False
N[C@@H](C(=O)N[C@H]1[C@H]2SCC(=C(N2C1=O)C(O)=O)Cl)c3ccccc3,0.0,367.814,0.6213000000000004,3.0,112.73000000000002,0.672381193775388,False
CC1=C(N2[C@H](SC1)[C@H](NC(=O)[C@H](N)c3ccc(O)cc3)C2=O)C(O)=O,0.0,363.3950000000001,0.15049999999999925,4.0,132.96,0.5597037383059921,False
CC1=C(N2[C@H](SC1)[C@H](NC(=O)[C@H](N)c3ccccc3)C2=O)C(O)=O,0.0,347.39600000000013,0.44489999999999896,3.0,112.73000000000002,0.6816125812503079,False
CC(=O)OCC1=C(N2[C@H](SC1)[C@H](NC(=O)Cc3ccccc3)C2=O)C(O)=O,0.0,390.4170000000001,0.5307999999999997,2.0,113.01000000000002,0.5380777689033297,False
CC1=C(N2[C@H](SC1)[C@H](NC(=O)[C@H](N)c3ccc(O)c(Cl)c3)C2=O)C(O)=O,0.0,397.8400000000001,0.8038999999999996,4.0,132.96,0.552128666678342,False
O.C/C=C/C1=C(N2[C@H](SC1)[C@H](NC(=O)[C@H](N)c3ccc(O)cc3)C2=O)C(O)=O,0.0,407.44800000000015,-0.11800000000000038,4.0,164.45999999999998,0.4940874113903528,False
CC1=C(N2[C@H](SC1)[C@H](NC(=O)[C@H](N)c3cccc(N[S](C)(=O)=O)c3)C2=O)C(O)=O,0.0,440.5030000000002,-0.18359999999999937,4.0,158.89999999999998,0.4432951407463039,False
O.O.CC(=O)OCC1=C(N2[C@H](SC1)[C@H](NC(=O)[C@H](N)c3ccccc3)C2=O)C(O)=O,0.0,441.4620000000002,-1.6612999999999956,3.0,202.02999999999997,0.34333245521145106,False
CN1C(=O)N(C)c2nc[nH]c2C1=O,0.0,180.16699999999997,-1.039700000000001,1.0,72.68,0.5624722357827983,False
Cn1cnc2N(C)C(=O)N(C)C(=O)c12,1.0,194.19399999999996,-1.0293,0.0,61.82,0.5384628262372215,False
Cn1cnc2NC(=O)N(C)C(=O)c12,1.0,180.16699999999997,-1.0397,1.0,72.68,0.5624722357827983,False
Cn1cnc2N(C)C(=O)NC(=O)c12,1.0,180.16699999999997,-1.0397,1.0,72.68,0.5624722357827983,False
C1=NC2=C([N]1CC(C)=O)C(N(CCCC)C(N2CCCC)=O)=O,1.0,320.3930000000001,1.5488999999999993,0.0,78.89,0.7390004474159405,False
C1=NC2=C([N]1CCN(C)C)C(N(C)C(N2C)=O)=O,1.0,251.29,-1.004699999999999,0.0,65.06,0.7013021020172975,False
C1=NC2=C([N]1CCN(CC)CC)C(N(C)C(N2C)=O)=O,1.0,279.344,-0.2244999999999997,0.0,65.06,0.758533826950547,False
C1=NC2=C([N]1CC(C)O)C(N(C)C(N2C)=O)=O,1.0,238.24699999999996,-1.1855,1.0,82.04999999999998,0.7132465100276424,False
CCOC(=O)C1(CCN(C)CC1)c2ccccc2,1.0,247.338,2.2131,0.0,29.54,0.7669944339918415,False
[H+].[Cl-].CCOC(=O)C1(CCN(C)CC1)c2ccccc2,1.0,283.799,-0.670399999999997,0.0,29.54,0.6894126229962787,False
[C@]2(C1=CC=CC=C1)([C@H](CN(C)CC2)CC)OC(CC)=O,1.0,275.39199999999994,3.1968000000000023,0.0,29.54,0.7903390606425671,False
C1=C(C=CC=C1C2(CCN(C)CC2)C(CC)=O)O,1.0,247.33799999999994,2.334700000000001,1.0,40.540000000000006,0.8909068281271514,False
[C@]2(C1=CC(=CC=C1)O)([C@H](CN(C)CC2)C)CCC,1.0,247.38199999999992,3.4017000000000017,1.0,23.47,0.8845869565176265,False
C1=CC=CC=C1C2(C(N(CC)C)=O)CCN(CCCCCC)CC2,1.0,330.51600000000013,4.078800000000004,0.0,23.550000000000004,0.6706363700324794,False
C2=C(C1(C(CN(C)CC1)C)OC(CC)=O)C=CC=C2,1.0,261.365,2.806700000000001,0.0,29.54,0.7836008475925973,False
C2=C(C1(C(OCC)=O)CCN(C)CC1)C=CC=C2O,1.0,263.33699999999993,1.9186999999999999,1.0,49.769999999999996,0.8464656306495146,False
COc1ccc2C[C@H]3N(C)CC[C@@]45[C@@H](Oc1c24)C(=O)CC[C@@]35O,1.0,315.3690000000001,1.0481999999999996,1.0,59.0,0.839282607029206,False
CN1CC[C@]23[C@H]4Oc5c(O)ccc(C[C@@H]1[C@]2(O)CCC4=O)c35,1.0,301.3420000000001,0.7452000000000001,2.0,70.0,0.7396980124727146,False
COc1ccc2C[C@@H]3[C@@H]4CCC(=O)[C@@H]5Oc1c2[C@]45CCN3C,1.0,299.37,1.9333,0.0,38.77,0.7941668671387196,False
Oc1ccc2C[C@H]3N(CC[C@@]45[C@@H](Oc1c24)C(=O)CC[C@@]35O)CC=C,1.0,327.3800000000001,1.3014,2.0,70.0,0.8015195132508509,False
[C@@]125C3=C4C[C@H]([C@@H]1CCC([C@@]2(OC3=C(C=C4)O)C)=O)N(C)CC5,1.0,299.3700000000001,2.0204,1.0,49.77,0.796095029328176,False
[C@@]125C3=C4C[C@H]([C@@]1(CCC([C@@H]2OC3=C(C=C4)O)=O)O)N(CC=C(C)C)CC5,1.0,355.4340000000002,2.0816,2.0,70.0,0.7951808785658862,False
[C@@]125C3=C4C[C@H]([C@@]1(CCC([C@@H]2OC3=C(C=C4)O)=O)O)N(CCOC)CC5,1.0,345.3950000000002,0.7617999999999999,2.0,79.23,0.8421492673913016,False
[C@@]125C3=C4C[C@H]([C@@H]1CCC([C@@H]2OC3=C(C=C4)O)=O)N(C)CC5,1.0,285.3430000000001,1.6302999999999999,1.0,49.77,0.7869335307088955,False
C1=CC=CC3=C1N(CCCN2CCC(OCCO)CC2)C4=C(S3)C=CC(=C4)C(F)(F)F,1.0,452.54200000000014,5.171500000000005,1.0,35.94,0.6271479514920878,False
C1=C([S](C)(=O)=O)C=CC3=C1N(C2=C(C=CC=C2)S3)CCCN4CCC(C(N)=O)CC4,1.0,445.61000000000035,3.2802000000000007,1.0,83.71000000000001,0.7346739996322458,False
C1=C(C(C)=O)C=CC3=C1N(C2=C(C=CC=C2)S3)CCCN4CCC(CCO)CC4,1.0,410.5830000000003,4.976400000000005,1.0,43.78,0.6525728569553441,False
C1=C([S](N(C)C)(=O)=O)C=CC3=C1N(C2=C(C=CC=C2)S3)CCCN4CCC(CCOC(CCCCCCCCCCCCCCC)=O)CC4,1.0,714.0949999999996,10.056299999999998,0.0,70.16,0.0838789410711439,False
C1=C(C=CC3=C1N(CCCN2CCC(CC2)O)C4=C(S3)C=CC=C4)C#N,1.0,365.502,4.007780000000003,1.0,50.5,0.8871730288291078,False
C1=C(OC)C=CC3=C1N(C2=C(C=CC=C2)S3)CC(CN4CCC(O)CC4)C,1.0,384.54500000000024,4.390700000000003,1.0,35.94,0.8272050494261102,False
C1=C([S](N(C)C)(=O)=O)C=CC3=C1N(C2=C(C=CC=C2)S3)CCCN4CCC(CCO)CC4,1.0,475.6800000000004,4.024100000000003,1.0,64.09,0.6221224017291513,False
COc1ccc2C[C@@H]3[C@@H]4C=C[C@H](O)[C@@H]5Oc1c2[C@]45CCN3C,1.0,299.37000000000006,1.5011,1.0,41.93,0.7981444096668123,False
O[C@H]1C=C[C@H]2[C@H]3Cc4ccc(O)c5O[C@@H]1[C@]2(CCN3CC=C)c45,1.0,311.3810000000001,1.7543,2.0,52.93,0.817291700924923,False
CN1CC[C@]23[C@H]4Oc5c(OC(C)=O)ccc(C[C@@H]1[C@@H]2C=C[C@@H]4OC(C)=O)c35,1.0,369.4170000000001,1.9886,0.0,65.07,0.4513002015208058,False
CN1CC[C@]23[C@H]4Oc5c(O)ccc(C[C@@H]1[C@@H]2C=CC4O)c35,1.0,285.343,1.1981,2.0,52.93000000000001,0.7033474919154648,False
C1=CC(=C3C2=C1CC5C4C2(C(O3)C(O)C=C4)CCN5)O,1.0,271.316,0.8558999999999999,3.0,61.72,0.6124099506600832,False
C1=CC(=C3C2=C1CC5C4C2(C(O3)C(C=C4)OC(C)=O)CCN5CC=C)OC(C)=O,1.0,395.4550000000002,2.5448000000000004,0.0,65.07,0.44354185892404,False
C1=CC(=C3C2=C1CC5C4C2(C(O3)C(O)C=C4)CCN5)OC,1.0,285.343,1.1588999999999998,2.0,50.72,0.7603470093664859,False
Oc1ccc2C[C@@H]3[C@@H]4CCCC[C@]4(CCN3CC=C)c2c1,1.0,283.41499999999996,3.636600000000003,1.0,23.47,0.8377375629702639,False
CN1CC[C@]23CCCC[C@H]2[C@H]1Cc4ccc(O)cc34,1.0,257.377,3.080400000000002,1.0,23.47,0.7718143750897628,False
COc1ccc2C[C@H]3[C@H]4CCCC[C@@]4(CCN3C)c2c1,1.0,271.40399999999994,3.3834000000000026,0.0,12.47,0.7761322150181272,False
[C@@]123C4=C(C[C@H]([C@@]1(CC[C@H](C2)O)O)N(CC3)C)C=CC(=C4OC)OC,1.0,333.4280000000001,1.4776999999999998,2.0,62.16000000000001,0.858324971807652,False
C1=C(O)C=CC3=C1C24C(C(NCC2)C3)CCCC4,1.0,243.3499999999999,2.738200000000001,2.0,32.26,0.7340865382327618,False
[C@]134[C@@H]([C@H](CC2=C1C=C(O)C=C2)N(C)CC3)CCCC4,1.0,257.37699999999995,3.080400000000002,1.0,23.47,0.7718143750897627,False
[C@]134[C@@H]([C@H](CC2=C1C=C(C)C=C2)N(C)CC3)CCCC4,1.0,255.40499999999992,3.683220000000003,0.0,3.24,0.6832872587999644,False
CC(C(O)=O)c1cccc(c1)C(=O)c2ccccc2,1.0,254.285,3.1057000000000015,1.0,54.37,0.8528036890699656,False
Cc1ccc(cc1)C(=O)c2cc(O)c(O)c(c2)[N+]([O-])=O,0.0,273.244,2.545420000000002,2.0,100.66999999999999,0.38710486030618185,False
C1=C(C(=CC=C1Cl)N(C(CN(C(CC#N)C)C)=O)C)C(C2=C(C=CC=C2)F)=O,1.0,401.86900000000014,3.9068800000000037,0.0,64.41,0.6597105314344589,False
[C@@H](C(NCC(N(C1=CC=C(C=C1C(C2=CC=CC=C2)=O)Cl)C)=O)=O)(CCCCN)N,1.0,430.9360000000003,2.1063,3.0,118.52,0.39371329863140425,False
C1=CC(=CC(=C1N(C(=O)CNC(=O)CN)C)C(=O)C2=CC=CC=C2Cl)Cl.O,1.0,412.2730000000001,1.4373999999999998,2.0,124.0,0.696941010110319,False
C1=C(C(=CC=C1Cl)N(C(CNCC(C)=C)=O)C)C(C2=CC=CC=C2)=O,1.0,356.85300000000007,3.699500000000003,1.0,49.410000000000004,0.6075627009585827,False
C1=C(C(=CC=C1Cl)N(C(CN(CCO)CCO)=O)C)C(C2=C(C=CC=C2)Cl)=O,1.0,425.3120000000001,2.4738000000000007,2.0,81.07999999999998,0.6038080202519241,False
NC1=NC(=O)c2ncn(COC(CO)CO)c2N1,0.0,255.23399999999998,-1.970899999999999,4.0,139.28000000000003,0.4854930576221492,False
NC1=NC(=O)c2ncn(COCCO)c2N1,1.0,225.20799999999997,-1.3318000000000003,3.0,119.05000000000001,0.554385971786765,False
C1=NC2=C([N]1COCCO)NC(=NC2=O)N,1.0,225.208,-1.3317999999999997,3.0,119.05,0.554385971786765,False
[C@@H](CC[N]2C1=C(C(N=C(N1)N)=O)N=C2)(CO)O,1.0,239.23499999999999,-1.5548999999999988,4.0,130.04999999999998,0.5104496132472173,False
[C@@H](N)(C(OCCOC[N]1C2=C(N=C1)C(=O)N=C(N2)N)=O)C(C)C,1.0,324.3410000000001,-0.797599999999999,3.0,151.14000000000001,0.44214276395859164,False
[C@@H](N)(C(OCC(OC[N]1C2=C(N=C1)C(=O)N=C(N2)N)CO)=O)C(C)C,1.0,354.36700000000013,-1.4366999999999985,4.0,171.37,0.41429377068433654,False
C1=NC2=C([N]1CCC(CO)CO)NC(=NC2=O)N,1.0,253.262,-1.307299999999999,4.0,130.05,0.5232780259906573,False
OC12c3c(Oc4c(C)cccc4C2CN(CC1)C)cccc3,1.0,295.38199999999995,3.4076200000000023,1.0,32.7,0.8082366349098744,False
OC12c3c(Oc4c(C)cccc4C2CNCC1)cccc3,1.0,281.35499999999996,3.0654200000000014,2.0,41.49,0.7795443971106502,False
c1c2c(ccc1)[C@@]1([C@@H](c3cccc(c3O2)C)CNCC1)O,1.0,281.355,3.065420000000001,2.0,41.489999999999995,0.7795443971106502,False
c1c2c(ccc1)[C@@]1([C@@H](c3cccc(c3O2)C)C[N@](CC1)C)O,1.0,295.382,3.4076200000000028,1.0,32.7,0.8082366349098744,False
c1ccc2Oc3c(cc(cc3)Cl)[C@@H]3[C@@H](c2c1)C[N@](CC3)C,1.0,299.8010000000001,4.648600000000004,0.0,12.47,0.7019595525636952,False
c1ccc2Oc3c(cc(cc3)Cl)[C@@H]3[C@@H](c2c1)CNCC3,1.0,285.77400000000006,4.306400000000003,1.0,21.259999999999998,0.7788143789676533,False
[C@@H]24[C@@](C1=CC=CC=C1OC3=C(C=CC=C23)C)(CCN(C4)C)O,1.0,295.382,3.4076200000000028,1.0,32.7,0.8082366349098744,False
[Na+].CO\N=C(C(=O)N[C@@H]1[C@@H]2SCC(=C(N2C1=O)C([O-])=O)COC(C)=O)\c3csc(N)n3,1.0,477.4560000000003,-4.953199999999994,2.0,176.34000000000003,0.12714626153309588,False
COCC1=C(N2[C@H](SC1)[C@H](NC(=O)C(=N\O)/c3csc(N)n3)C2=O)C(O)=O,0.0,413.4370000000001,-0.7113999999999989,4.0,167.43999999999997,0.2036830865283153,False
Nc1scc(n1)\C(=N\O)C(=O)N[C@H]2[C@H]3SCC(=C(N3C2=O)C(O)=O)C=C,0.0,395.42200000000025,-0.17179999999999973,4.0,158.20999999999998,0.23141750586057275,False
CO/N=C(C(=O)N[C@H]1[C@H]2SCC(=C(N2C1=O)C(O)=O)C)/c3csc(N)n3,0.0,397.43800000000005,-0.16569999999999918,3.0,147.21000000000004,0.3525234585330688,False
Nc1scc(n1)\C(=N\OCC(O)=O)C(=O)N[C@H]2[C@H]3SCC(=C(N3C2=O)C(O)=O)C=C,0.0,453.45800000000025,-0.5447999999999993,4.0,184.51,0.22618525506501608,False
[Na+].COCC1=C(N2[C@H](SC1)[C@H](NC(=O)C(=N/OC)\c3csc(N)n3)C2=O)C([O-])=O,0.0,449.44600000000025,-4.869899999999993,2.0,159.26999999999998,0.18006935535509555,False
CO/N=C(C(=O)N[C@H]1[C@H]2SCC=C(N2C1=O)C(O)=O)/c3csc(N)n3,0.0,383.41100000000006,-0.5557999999999992,3.0,147.21000000000004,0.34831831323821205,False
OCC(C)(O)c1onc(c2ncn3c2CN(C)C(c4c3cccc4Cl)=O)n1,0.0,389.79900000000004,1.3611000000000002,2.0,117.51,0.6939427442397788,False
OC(C)(C)c1onc(c2ncn3c2CN(C)C(c4c3cccc4Cl)=O)n1,0.0,373.8,2.3887,1.0,97.28000000000002,0.740315347268798,False
CN1C(=O)c2c(cccc2Cl)n2cnc(c2C1)c1noc(n1)C(C)C,1.0,357.8010000000001,3.2847000000000017,0.0,77.05,0.7029578775766743,False
c12c(c(ccc1)Cl)C(N(Cc1n2cnc1c1nc(on1)[C@](CO)(C)O)C)=O,0.0,389.79900000000015,1.3610999999999998,2.0,117.51000000000002,0.6939427442397786,False
CC(C)c1onc(n1)c2ncn3c2CN(C)C(=O)c4c(Cl)cccc34,1.0,357.8010000000001,3.2847000000000017,0.0,77.05000000000001,0.7029578775766743,False
c12c(C(N(Cc3n1cnc3c1noc(n1)C(CO)(CO)C)C)=O)c(ccc2)Cl,0.0,403.82600000000014,1.4035999999999997,2.0,117.51000000000002,0.6756178705066022,False
c12c(C(N(Cc3n1cnc3c1noc(n1)C(O)(C)C)C)=O)c(ccc2)Cl,0.0,373.80000000000007,2.3887,1.0,97.28,0.7403153472687978,False
Cc1ncc2CN=C(c3ccccc3F)c4cc(Cl)ccc4n12,1.0,325.77400000000006,4.324220000000003,0.0,30.18,0.654885085071007,False
OCc1ncc2CN=C(c3ccccc3F)c4cc(Cl)ccc4n12,1.0,341.773,3.5081000000000024,1.0,50.410000000000004,0.7751561487972363,False
Cc1ncc2C(O)N=C(c3ccccc3F)c4cc(Cl)ccc4n12,1.0,341.773,3.815120000000002,1.0,50.410000000000004,0.7312827367279049,False
Cc1ncc2CN=C(c3ccccc3F)c4cc(Cl)ccc4n12.OC(=O)\C=C/C(O)=O,1.0,441.8460000000002,4.036020000000002,2.0,104.78,0.5967611381437323,False
C1=CC(=CC3=C1[N]2C(=CN=C2C)CN=C3C4=CC=CC=C4Cl)Cl,1.0,342.2289999999999,4.838520000000003,0.0,30.18,0.6224214046569359,False
C1=CC(=CC3=C1[N]2C(=CN=C2C)CN=C3C4=CC=CC=C4F)Cl,1.0,325.774,4.324220000000002,0.0,30.18,0.654885085071007,False
CC(C)NCC(O)COc1cccc2[nH]ccc12,1.0,248.32600000000002,1.9055999999999995,3.0,57.279999999999994,0.7315916457547719,False
CN(C)CCc1c[nH]c2ccc(O)cc12,1.0,204.273,1.9776,2.0,39.260000000000005,0.8020662375938549,False
C1=C(O)C=CC2=C1C(=C[NH]2)CC(C(O)=O)N,1.0,220.22799999999998,0.8278999999999999,4.0,99.33999999999999,0.61514071449147,False
C1=CC=C(C2=C1[NH]C=C2CCN(C)C)O[P](O)(O)=O,1.0,284.25199999999995,1.7435,3.0,85.78999999999999,0.728144977803554,False
N[C@@H](CC1=C[NH]C2=CC=CC=C12)C(=O)O,1.0,204.22899999999998,1.1223000000000003,3.0,79.11,0.7005840997557369,False
C1=CC=CC2=C1C(=C[NH]2)CC(CC)N,1.0,188.27399999999997,2.4476999999999993,2.0,41.81,0.7628996091966029,False
CCCN1C[C@H](CSC)C[C@H]2[C@H]1Cc3c[nH]c4cccc2c34,1.0,314.49800000000005,4.271100000000003,1.0,19.03,0.9085285470025662,False
[C@@H]34C1=CC=CC2=C1C(=C[NH]2)C[C@H]3N(C[C@@H](C4)C(N(C(NCC)=O)CCCN(C)C)=O)CC=C,1.0,451.61500000000035,3.193900000000002,2.0,71.68,0.6049384423595515,False
[C@@H]34C1=CC=CC2=C1C(=C[NH]2)C[C@H]3N(C[C@H](C4)N[S](N(CC)CC)(=O)=O)C,1.0,376.5260000000002,2.0564999999999998,2.0,68.44,0.8392625626317944,False
[C@@H]34C1=CC=CC2=C1C(=C[N]2C)C[C@H]3N(C[C@H](C4)N[S](N(C)C)(=O)=O)C,1.0,362.4990000000001,1.2867,1.0,57.58,0.895082127662535,False
[C@@H]34C1=CC=CC2=C1C(=C[NH]2)C[C@H]3N(C[C@H](C4)NC(N(CC)CC)=O)C,1.0,340.4710000000002,2.931700000000002,2.0,51.370000000000005,0.9025268953741734,False
[C@@H]34CC1=C[NH]C2=CC=CC(=C12)C3C[C@@H](CN4C)CC#N,1.0,265.3599999999999,3.0415800000000015,1.0,42.82,0.8608598606080374,False
Cc1csc(n1)N=C(N)N,1.0,156.214,0.3564200000000002,2.0,77.28999999999999,0.45484401903269595,False
Cc1ncsc1CCCl,1.0,161.65699999999998,2.2328200000000002,0.0,12.89,0.6066937916541333,False
NC(N)=Nc1scc(CSCCC(N)=N[S](N)(=O)=O)n1,1.0,337.456,-0.7679999999999989,4.0,175.82999999999998,0.28661243847385526,False
CN=C(NCCSCc1csc(N=C(N)N)n1)NC#N,1.0,312.428,-0.07271999999999912,4.0,137.5,0.18951236022493673,False
n1c(scc1)CCN,1.0,128.2,0.6443000000000001,1.0,38.91,0.6346127602927085,False
s1c(ncc1)CCN,1.0,128.2,0.6443000000000001,1.0,38.91,0.6346127602927085,False
CCC(NC(=O)c1c(c(nc2c1cccc2)c1ccccc1)C)c1ccccc1,1.0,380.4910000000001,6.091320000000005,1.0,41.99,0.45500495824376636,False
c12c(nc(c(c1C(N[C@@H](CC)c1ccccc1)=O)C)c1ccccc1)cccc2,1.0,380.49100000000004,6.091320000000006,1.0,41.99,0.45500495824376636,False
c1ccc2nc(c(c(C(N[C@@H](CC)c3ccccc3)=O)c2c1)O)c1ccccc1,1.0,382.4630000000001,5.4885000000000055,2.0,62.22,0.47978046460036716,False
c1cc2c(C(N[C@@H](CC)c3ccccc3)=O)c(c(nc2cc1)c1ccccc1)OCCCN(C)C,1.0,467.6130000000003,6.113400000000008,1.0,54.46,0.2858391352927707,False
c1cc2c(C(N[C@@H](CC)c3ccccc3)=O)c(c(nc2cc1)c1ccccc1)OCC(O)=O,0.0,440.4990000000002,5.246300000000006,2.0,88.52000000000001,0.3908448037545228,False
c1cc2c(C(N[C@@H](CC)c3ccccc3)=O)c(c(c3ccccc3)nc2cc1)OCCCC(O)=O,0.0,468.5530000000002,6.026500000000007,2.0,88.52000000000001,0.2776448393189295,False
C1=C(Cl)C=CC2=C1C3(N(CC(=O)N2CCO)CCO3)C4=CC=CC=C4F,1.0,376.81500000000005,2.3513,1.0,53.010000000000005,0.8931096040475428,False
C1=C(Br)C=CC3=C1C2(N(CCO2)CC(=O)N3)C4=C(C=CC=C4)F,1.0,377.213,3.0736000000000008,1.0,41.57,0.8308262076876867,False
C1=C(Cl)C=CC3=C1C2(N(C(C)CO2)CC(=O)N3)C4=CC=CC=C4Cl,1.0,363.244,3.867300000000003,1.0,41.57,0.8365371134072823,False
C1=C(Cl)C=CC3=C1C2(OCCN2CC(=O)N3)C4=C(Cl)C=CC=C4,1.0,349.217,3.4788000000000014,1.0,41.57,0.8571752049582557,False
[C@@]12(C3=C(NC(CN1C[C@H](O2)C)=O)C=CC(=C3)Cl)C4=CC=CC=C4,1.0,328.79900000000004,3.2139000000000015,1.0,41.57,0.8736609010062515,False
C[C@H]1[C@H](NC(=O)C(=N/OC(C)(C)C(O)=O)\c2csc([NH3+])n2)C(=O)N1[S]([O-])(=O)=O,0.0,435.44000000000017,-2.2238999999999978,3.0,206.03,0.18304160511734932,False
NC(=O)OCC1[C@H](NC(=O)C(=N/OCC(O)=O)\c2csc(N)n2)C(=O)N1[S](O)(=O)=O,0.0,466.41000000000014,-2.8756999999999975,5.0,253.9,0.10642466777499184,False
CO/N=C(C(=O)N[C@H]1[C@H](C)N(OCC(=O)OCC(=O)OC(C)(C)C)C1=O)/c2csc(N)n2,0.0,471.4920000000002,-0.3921999999999976,2.0,171.74,0.2089734883288108,False
CO\N=C(C(=O)NC1[C@H](C)N(OCC(O)=O)C1=O)\c2csc(N)n2,0.0,357.34800000000007,-1.1924999999999983,3.0,156.44,0.31217409054233125,False
CC1(C)[C@H](NC(=O)C(=N\OCC(O)=O)/c2csc(N)n2)C(=O)N1O[S](O)(=O)=O,0.0,437.41200000000015,-1.6293999999999977,4.0,210.80999999999997,0.15681882414065346,False
COc1ccc2C[C@@H]3[C@@H]4CC[C@H](O)[C@@H]5Oc1c2[C@]45CCN3C,1.0,301.3860000000001,1.7250999999999999,1.0,41.93,0.857564110359614,False
CN1CCC23C4CCC(O)C2Oc5c(O)ccc(CC14)c35,1.0,287.35900000000004,1.4221000000000001,2.0,52.93000000000001,0.7576274907072595,False
[C@@]125C3=C4C[C@H]([C@@]1(CC[C@@H]([C@@H]2OC3=C(C=C4)O)O)O)N(C)CC5,1.0,303.3580000000001,0.5369999999999999,3.0,73.16,0.652191180320722,False
[C@@H]25CC1=CC=C(C4=C1[C@@]3([C@H]2CC[C@@H]([C@@H]3O4)OC)CCN5C)O,1.0,301.38599999999997,2.0761999999999996,1.0,41.93000000000001,0.8621544890276479,False
C1=CC(=C3C2=C1CC5C4C2(C(O3)CCC4)CCN5C)O,1.0,271.3599999999999,2.451300000000001,1.0,32.7,0.7864972151840187,False
C[C@]12CC(=O)[C@H]3[C@@H](CCC4=CC(=O)C=C[C@]34C)[C@@H]1CC[C@]2(O)C(=O)CO,0.0,358.43400000000014,1.7658,2.0,91.67,0.7848332802556961,False
[C@@]23(F)[C@H]([C@H]1[C@@]([C@@]([C@H](C1)C)(O)C(=O)CCl)(CC2=O)C)CCC4=CC(=O)C=C[C@]34C,1.0,408.8970000000002,3.3504000000000023,1.0,71.44,0.7110722108100263,False
[C@]4([C@@]3([C@H]([C@H]2[C@]([C@@]1(C(=CC(=O)C=C1)CC2)C)(F)C(C3)=O)C[C@@H]4C)C)(OC(CCC)=O)C(CCl)=O,1.0,478.9880000000003,4.701400000000005,0.0,77.51,0.4224490917261431,False
[C@H]24[C@H]1[C@@]([C@](C(COC(C)=O)=O)(O)CC1)(CC([C@@H]2[C@@]3(C(=CC(=O)C=C3)[C@H](C4)Cl)C)=O)C,1.0,434.91600000000017,2.5539000000000005,1.0,97.74000000000001,0.5411536476720336,False
[C@H]12[C@@]([C@](C(CO)=O)(O)[C@H](C1)C)(CC(=O)[C@H]3[C@H]2CCC4=CC(=O)C=C[C@]34C)C,1.0,372.46100000000007,2.0117999999999996,2.0,91.66999999999999,0.773647893279878,False
N[S](=O)(=O)c1cc2c(NCN[S]2(=O)=O)cc1Cl,0.0,297.745,-0.35129999999999945,3.0,118.35999999999999,0.6544582690300506,False
N[S](=O)(=O)c1cc2c(NCN[S]2(=O)=O)cc1C(F)(F)F,0.0,331.297,0.014100000000000501,3.0,118.35999999999999,0.6699841555806898,False
CN1C(CCl)Nc2cc(Cl)c(cc2[S]1(=O)=O)[S](N)(=O)=O,0.0,360.24400000000014,0.5983000000000003,2.0,109.57,0.750846568027032,False
CN1C(CSCC(F)(F)F)Nc2cc(Cl)c(cc2[S]1(=O)=O)[S](N)(=O)=O,0.0,439.8900000000002,1.655,2.0,109.57,0.7378988516920792,False
N[S](=O)(=O)c1cc2c(NC(N[S]2(=O)=O)C(Cl)Cl)cc1Cl,0.0,380.66200000000003,0.8210000000000011,3.0,118.35999999999999,0.6564465021990212,False
CN1CCN(CC/C=C/2c3ccccc3Sc4ccc(cc24)[S](=O)(=O)N(C)C)CC1,1.0,443.63800000000026,3.4707000000000026,0.0,43.86000000000001,0.6041780809786208,False
OCCN1CCN(CC\C=C/2c3ccccc3Sc4ccc(Cl)cc24)CC1,1.0,400.9750000000002,4.2363000000000035,1.0,26.71,0.6926572562952837,False
OCCN1CCN(CC\C=C/2c3ccccc3Sc4ccc(cc24)C(F)(F)F)CC1,1.0,434.52700000000016,4.601700000000005,1.0,26.71,0.6349720395702219,False
C1=C(Cl)C=CC3=C1\C(C2=C(C=CC=C2)S3)=C/CCN4CCN(CCO)CC4,1.0,400.9750000000003,4.236300000000004,1.0,26.71,0.6926572562952835,False
CNC(=O)CCN1CCN(CCC=C2c3ccccc3Sc3ccc(cc23)Cl)CC1,1.0,442.02800000000025,4.380100000000004,1.0,35.580000000000005,0.6153280932074596,False
CCC1(C(=O)NC(=O)NC1=O)c2ccccc2,1.0,232.239,0.7003999999999997,2.0,75.27000000000001,0.7368838068366228,False
C2=C(C1(C(N(C(=O)N(C1=O)CC(COCCCC)OC(N)=O)CC(COCCCC)OC(N)=O)=O)CC)C=CC=C2,1.0,578.6630000000005,2.686400000000001,2.0,180.79000000000002,0.19544206004857714,False
C2=C(C1(C(N(CC(COCCCC)OC(N)=O)C(=O)NC1=O)=O)CC)C=CC=C2,1.0,405.4510000000001,1.6934000000000005,2.0,128.02999999999997,0.45029722176689513,False
C2=C(C1(C(N(C(=O)N(C1=O)COC)COC)=O)CC)C=CC=C2,1.0,320.34499999999997,1.3329999999999993,0.0,76.15,0.7392468432542614,False
C2=C(C1(C(N(C(NC1=O)=O)C)=O)CC)C=CC=C2,1.0,246.266,1.0425999999999997,1.0,66.48,0.7928342464339936,False
CN(CCC=C1c2ccccc2CCc2ccccc12)C,1.0,277.411,4.168600000000003,0.0,3.24,0.8136783893547587,False
CN(C)CCC=C1c2ccccc2CCc3ccccc13,1.0,277.411,4.168600000000003,0.0,3.24,0.8136783893547587,False
CNCCC=C1c2ccccc2CCc3ccccc13,1.0,263.38399999999996,3.826400000000003,1.0,12.03,0.8299677542138636,False
C1=CC=CC2=C1C(C3=C(CC2)C=CC=C3)=CCC[N+](C)(C)[O-],1.0,293.41,4.181200000000003,0.0,23.06,0.6147201459339898,False
C1=CC=CC2=C1C(C3=C(CC2)C=CC=C3)=CC(CN(C)C)=O,1.0,291.39400000000006,3.3476000000000017,0.0,20.310000000000002,0.8083663125333937,False
CCCN(CCc1c2c(c(cc1)O)NC(=O)C2)CCC,1.0,276.38000000000005,2.5513000000000003,2.0,52.57,0.7525306207829541,False
CCCN(CCc1c2c(ccc1)NC(=O)C2)CCC,1.0,260.381,2.8457000000000017,1.0,32.34,0.8173315946878695,False
C1C(Nc2c1c(ccc2)CCN(CCC)CCC)=O,1.0,260.3809999999999,2.8457000000000017,1.0,32.34,0.8173315946878695,False
C1C(Nc2c1c(ccc2O)CCN(CCC)CCC)=O,1.0,276.37999999999994,2.5513000000000003,2.0,52.57,0.7525306207829541,False
C2=C(C1=C(NC(C1)=O)C=C2)CCN(CCC)CCC,1.0,260.3809999999999,2.845700000000001,1.0,32.34,0.8173315946878695,False
O=C(C)Nc1cc(c2csc(N=C(N)N)n2)ccc1,0.0,275.337,1.6733999999999998,3.0,106.39,0.5847644067795098,False
c1ccc(cc1)c1csc(n1)N=C(N)N,1.0,218.28499999999997,1.7149999999999999,2.0,77.28999999999999,0.5947558314111201,False
c1ccc(cc1N)c1csc(n1)N=C(N)N,1.0,233.29999999999998,1.2972000000000001,3.0,103.30999999999999,0.4128743875154925,False
CNC(=NC#N)Nc1cccc(c1)c1csc(n1)N=C(N)N,0.0,314.3780000000001,1.18338,4.0,137.5,0.3811814394273874,False
n1c(scc1c1ccccc1)CCN,0.0,204.29799999999997,2.3112999999999992,1.0,38.91,0.8329021686005331,False
CCOC(=O)c1cncn1C(C)c2ccccc2,1.0,244.294,2.669100000000001,0.0,44.12,0.776550261358108,False
C1=CC=CC=C1C(C)[N]2C=CN=C2C,1.0,186.258,2.8008200000000008,0.0,17.82,0.7048070332851616,False
C1=C(C(OCC)=O)[N](C=N1)C(C)C2=CC=C(C=C2)F,1.0,262.284,2.808200000000001,0.0,44.120000000000005,0.7957287192938972,False
C1=NC=C([N]1C(C2=CC=CC=C2)C)C(=O)OC,1.0,230.26699999999997,2.279,0.0,44.120000000000005,0.7596778277513748,False
C1=NC=C([N]1C(C2=CC=CC=C2)C)C(OCCC)=O,1.0,258.32099999999997,3.0592000000000015,0.0,44.120000000000005,0.7741132939477596,False
CN1C2CCC1CC(C2)OC(=O)[C@H](CO)c3ccccc3,1.0,289.375,1.9309,1.0,49.769999999999996,0.8605899449393155,False
CN1C2CCC1CC(C2)OC(=O)C(CO)c3ccccc3,0.0,289.375,1.9309,1.0,49.769999999999996,0.8605899449393155,False
CN1C2CCC1CC(C2)OC(=O)C(O)c3ccccc3,0.0,275.348,1.8884,1.0,49.769999999999996,0.85588008409094,False
C1=CC=CC=C1C(C(OC2CC3N(C)C(C2)CC3)=O)(CO)C,1.0,303.40200000000004,2.1050000000000004,1.0,49.769999999999996,0.8655989618616646,False
C1=CC=CC=C1C(C(OC2CC3N(C)C(C2)CC3)=O)CO,1.0,289.375,1.9308999999999998,1.0,49.769999999999996,0.8605899449393155,False
C2=C(C(OC1=CC=C(C=C1)C(F)(F)F)CCNC)C=CC=C2,1.0,309.33099999999996,4.435000000000003,1.0,21.259999999999998,0.8517964099245682,False
C1=CC=CC=C1C(OC2=CC=CC=C2OC)CCNC,1.0,271.36,3.424800000000001,1.0,30.490000000000002,0.8366458324643773,False
NCCC(Oc1ccc(cc1)C(F)(F)F)c2ccccc2,1.0,295.304,4.174300000000003,1.0,35.25,0.8980027339714314,False
[C@H](OC1=C(C=CC=C1)C)(C2=CC=CC=C2)CCNC,1.0,255.36099999999996,3.7246200000000016,1.0,21.259999999999998,0.8489950317721323,False
C(C(N1C(CCC1)=O)C(N)=O)C,1.0,170.21199999999996,-0.12730000000000036,1.0,63.4,0.6410492145588488,False
C(N1CC(O)CC1=O)C(N)=O,1.0,158.15699999999998,-1.9350999999999994,2.0,83.63,0.49031399166066975,False
C(N1C(CCC1)=O)C(N)=O,1.0,142.15800000000002,-0.9059000000000004,1.0,63.4,0.5423834786401206,False
C(N1C(CCC1)=O)C(NCCN(C(C)C)C(C)C)=O,1.0,269.389,0.8438000000000003,1.0,52.650000000000006,0.7450885513951111,False
C2=C(C1C(NC(C1)=O)=O)C=CC=C2Br,1.0,254.083,1.5792,1.0,46.17,0.7731425896640828,False
C2=C(C1(C(C(=O)NC1=O)CC)C)C=CC=C2,1.0,217.268,1.6268999999999998,1.0,46.17,0.7651592430861017,False
C1=CC=CC=C1C2C(N(C)C(C2)=O)=O,1.0,189.21399999999997,1.1589,0.0,37.38,0.6215072141347339,False
C2=C(C1(C(N(C)C(C1)=O)=O)C)C=CC=C2,1.0,203.241,1.3330000000000002,0.0,37.38,0.6456630004201522,False
C3=C2C([NH2+]CCCCCCC(O)=O)C1=CC=CC=C1CCC2=CC=C3.[Cl-],1.0,373.9240000000002,0.4771000000000005,2.0,53.910000000000004,0.6611319979907158,False
C1=CC=CC3=C1C(C2=C(C=CC=C2)CC3)C(N)=O,1.0,237.30199999999996,2.4023999999999996,1.0,43.09,0.8127878381475435,False
CN(C)C(=O)COC2c1ccccc1CCc3ccccc23,1.0,295.382,2.979400000000002,0.0,29.540000000000003,0.870997222589896,False
C1=CC=CC3=C1C(C2=CC=CC=C2CC3)CC(CN(C)C)C,1.0,293.454,4.504900000000004,0.0,3.24,0.8017174698650844,False
C(N1C(C(C)OC1=O)=O)C=C,1.0,155.153,0.5396999999999998,0.0,46.61,0.5465693344064664,False
CC1(C(NC(O1)=O)=O)C,1.0,129.11499999999998,0.03140000000000004,1.0,55.4,0.501695512229331,False
C(C)C1(C)C(=O)N(C(O1)=O)C,1.0,157.16899999999998,0.7637,0.0,46.61,0.5642459247185075,False
CC1(C(N(C(O1)=O)C)=O)C,1.0,143.142,0.37360000000000004,0.0,46.61,0.4919347410358442,False
CC14C5(C(CC1C3C(C2(C(=CC(=O)CC2)CC3)C)CC4)OC(O5)(C)C)C(C)=O,1.0,386.53200000000015,4.607500000000004,0.0,52.6,0.6604174002029259,False
[C@@]45([C@@]3([C@H]([C@H]2[C@]([C@@]1(C(=CC(=O)CC1)CC2)C)(F)[C@H](C3)O)C[C@H]4OC(O5)(C)C)C)C(CCl)=O,1.0,454.96600000000024,3.889300000000003,1.0,72.83000000000001,0.6406683863701529,False
[C@H]23[C@@]([C@@]1(O[C@@H](O[C@@H]1C2)CCC)C(=O)CO)(C[C@H](O)[C@@]4(F)[C@H]3C[C@H](F)C5=CC(=O)CC[C@]45C)C,1.0,468.53700000000026,2.980900000000001,2.0,93.06,0.6591289923360497,False
[C@@]45([C@@]3([C@H]([C@H]2[C@@H]([C@@]1(C(=CC(=O)CC1)[C@H](C2)F)C)[C@H](C3)O)C[C@H]4OC(O5)(C)C)C)C(CO)=O,1.0,436.5200000000002,2.498700000000001,2.0,93.06,0.6910281010512151,False
CCC[C@@H]1C[C@H](N(C)C1)C(=O)NC(C(C)Cl)[C@H]2O[C@H](SC)[C@H](O)[C@@H](O)[C@H]2O,0.0,424.9910000000001,0.38950000000000023,4.0,102.26000000000002,0.4382730169795818,False
CCC[C@@H]1C[C@H](N(C)C1)C(=O)NC(C(C)Cl)[C@H]2O[C@H](SC)[C@H](O[P](O)(O)=O)[C@@H](O)[C@H]2O,0.0,504.97000000000014,0.5064999999999991,5.0,148.79,0.22187621720477294,False
CCCC1CC(N(C)C1)C(=O)NC(C(C)O)C2OC(SC)C(O)C(O)C2O,0.0,406.54500000000013,-0.8569999999999969,5.0,122.49000000000002,0.37034350763056995,False
CCCCCC1CNC(C1)C(=O)NC(C(C)Cl)C2OC(SC)C(O)C(O)C2O,0.0,439.0180000000001,0.8275000000000003,5.0,111.05000000000001,0.2675753020305854,False
[Na+].Cn1nnnc1SCC2=C(N3[C@H](SC2)[C@H](NC(=O)CSC(F)(F)F)C3=O)C([O-])=O,0.0,492.46200000000016,-4.036899999999995,1.0,133.14,0.2279041637762226,False
Cn1nnnc1SCC2=C(N3[C@H](SC2)[C@H](NC(=O)CS\C=C/C#N)C3=O)C(O)=O,0.0,453.53100000000023,-0.18871999999999983,2.0,154.09999999999997,0.30565409222134526,False
CO[C@]1(NC(=O)CSCC#N)[C@H]2SCC(=C(N2C1=O)C(O)=O)CSc3nnnn3C,0.0,471.54600000000016,-0.7283199999999992,2.0,163.32999999999998,0.20112767198590262,False
CO[C@]1(NC(=O)CSC[C@@H](N)C(O)=O)[C@H]2SCC(=C(N2C1=O)C(O)=O)CSc3nnnn3C,0.0,519.5870000000002,-1.8399999999999967,4.0,202.85999999999996,0.14413634042305332,False
CN1CCN=C(c2ccccc2)c3cc(Cl)ccc13,1.0,270.76300000000003,3.627200000000003,0.0,15.6,0.7726586313728765,False
C1=C(Cl)C=CC2=C1C(=NCCN2CC(F)(F)F)C3=CC=CC=C3F,1.0,356.75,4.698800000000003,0.0,15.6,0.7121599941242313,False
C1=C(Br)C=CC2=C1C(=NCC(N2C)COC)C3=CC=CC=C3Cl,1.0,393.7120000000001,4.404700000000004,0.0,24.83,0.7716639937345975,False
C1=C2C(=CC=C1)N(C(Cl)(CN=C2C3=CC=CC=C3Cl)CO)C,1.0,335.2340000000001,3.5546000000000024,1.0,35.83,0.6729183149517022,False
CCCC(C)C1(CC)C(=O)NC(=S)NC1=O,0.0,242.34400000000002,1.3498999999999999,2.0,58.2,0.5777126778981032,False
C(C1(C(NC(=S)NC1=O)=O)C(CCC)C)CSC,1.0,288.438,1.6929999999999996,2.0,58.199999999999996,0.5767336783043803,False
C(C1(C(NC(=S)NC1=O)=O)C(CCC)C)C=C,1.0,254.35499999999996,1.5159999999999996,2.0,58.199999999999996,0.4440914917068062,False
C(C1(C(CCC)CC)C(NC(=S)NC1=O)=O)C,1.0,256.371,1.74,2.0,58.199999999999996,0.5816859884283193,False
CN1CCN(CC1)c2c(F)cc3C(=O)C(=CN(CCF)c3c2F)C(O)=O,0.0,369.3430000000001,1.6992,1.0,65.78,0.8887969358156734,False
CCN1C=C(C(O)=O)C(=O)c2cc(F)c(N3CCNC(C)C3)c(F)c12,0.0,351.353,1.7959,2.0,74.57000000000001,0.8820346880702984,False
CCN1C=C(C(O)=O)C(=O)c2cc(F)c(cc12)N3CCNCC3,0.0,319.3360000000001,1.2683000000000002,2.0,74.57000000000001,0.8910262977655082,False
CCN1C=C(C(O)=O)C(=O)c2cc(F)c(cc12)N3CCN(C)CC3,0.0,333.36300000000017,1.6105000000000003,1.0,65.78,0.9243839877881741,False
OC(=O)COCCN1CCN(CC1)C(c2ccccc2)c3ccc(Cl)cc3,0.0,388.8950000000001,3.148200000000002,1.0,53.010000000000005,0.7038936958101744,False
OCCOCCN1CCN(CC1)C(c2ccccc2)c3ccc(Cl)cc3,1.0,374.91200000000003,3.055900000000001,1.0,35.940000000000005,0.7202924631983652,False
C3=C(C(N1CCN(CC1)CCOCCOCCO)C2=CC=CC=C2)C=CC(=C3)Cl.O=C(O)\C=C\C(O)=O,1.0,535.0370000000001,2.7843,3.0,119.77000000000001,0.2630123478334679,False
C3=C(C(N1CCN(C)CC1)C2=CC=CC=C2)C=CC(=C3)Cl,1.0,300.83299999999997,3.6768000000000027,0.0,6.48,0.853074635255455,False
Cc1nnc2CN=C(c3ccccc3)c4cc(Cl)ccc4n12,1.0,308.77200000000005,3.5801200000000026,0.0,43.07,0.6893709827759431,False
Cc1nnc2CN=C(c3ccccc3Cl)c4cc(Cl)ccc4n12,1.0,343.2170000000001,4.233520000000003,0.0,43.07,0.6634881818264521,False
Clc1ccc2n3cnnc3CN=C(c4ccccc4)c2c1,1.0,294.745,3.271700000000001,0.0,43.07,0.691129049070368,False
C1=CC(=CC3=C1[N]2C(=NN=C2CN(C)C)CN=C3C4=CC=CC=C4)Cl,1.0,351.841,3.333300000000002,0.0,46.31,0.7267502579317813,False
CSc1ccc2Sc3ccccc3N(CCC4CCCCN4C)c2c1,1.0,370.5870000000002,5.885600000000006,0.0,6.48,0.619208184507319,False
CN1CCCCC1CCN2c3ccccc3Sc4ccc(cc24)[S](C)(=O)=O,1.0,402.58500000000015,4.567200000000004,0.0,40.620000000000005,0.749346893036963,False
CN1CCCCC1CCN2c3ccccc3Sc4ccc(cc24)[S](C)=O,1.0,386.5860000000001,4.901100000000005,0.0,23.55,0.7454999719210018,False
C1=C(OC)C=CC3=C1N(C2=C(C=CC=C2)S3)CCC4N(CCCC4)C,1.0,354.5190000000002,5.172300000000005,0.0,15.71,0.7519481920873915,False
CC[C@H]1OC(=O)[C@H](C)[C@@H](O[C@H]2C[C@@](C)(OC)[C@@H](O)[C@H](C)O2)[C@H](C)[C@@H](O[C@@H]3O[C@H](C)C[C@@H]([C@H]3O)N(C)C)[C@](C)(O)C[C@@H](C)C(=O)[C@H](C)[C@@H](O)[C@]1(C)O,0.0,733.9370000000001,1.785600000000004,5.0,193.91,0.23787250598373616,False
CC[C@H]1OC(=O)[C@H](C)[C@@H](OC2CC(C)(OC)C(O)C(C)O2)C(C)[C@@H](OC3OC(C)CC(C3O)N(C)C)[C@](C)(O)C[C@@H](C)C(=O)[C@H](C)[C@@H](O)[C@H]1C,0.0,717.9380000000001,2.6707000000000036,4.0,173.68,0.28359565299744705,False
CC[C@H]1OC(=O)[C@H](C)[C@@H](O[C@H]2C[C@@](C)(OC)[C@@H](O)[C@H](C)O2)[C@H](C)[C@@H](O[C@@H]3O[C@H](C)C[C@@H]([C@H]3O)N(C)C)[C@@](C)(C[C@@H](C)C(=O)[C@H](C)[C@@H](O)[C@]1(C)O)OC,0.0,747.964,2.4397000000000046,4.0,182.91,0.2658294280815995,False
CC[C@H]1OC(=O)[C@H](C)[C@@H](O[C@H]2C[C@@](C)(OC)[C@@H](O)[C@H](C)O2)[C@H](C)[C@@H](O[C@@H]3O[C@H](C)C[C@@H]([C@H]3O)N(C)C)[C@](C)(O)C[C@](C)(F)C(=O)[C@H](C)[C@@H](O)[C@]1(C)O,0.0,751.9270000000001,1.877700000000003,5.0,193.91,0.23687800931316158,False
CC(=O)[C@H]1CC[C@H]2[C@@H]3CC[C@@H]4C[C@H](O)CC[C@]4(C)[C@H]3CC[C@]12C,1.0,318.5010000000001,4.595200000000005,1.0,37.3,0.7672110598231308,False
[C@]34([C@H]([C@H]2[C@@H]([C@@]1(C([C@@H](C(CC1)OC(C)=O)Br)[C@@H](C2)Br)C)CC3)CC[C@@H]4[C@@H](CCCC(C)C)C)C,1.0,588.5090000000001,8.786200000000003,0.0,26.3,0.22911506914516416,False
[C@H]13[C@@H]([C@@]2([C@@H](CC1)C[C@](O)(CC2)C)C)CC[C@]4([C@H]3CC[C@@H]4C(=O)C)C,1.0,332.5280000000001,4.985300000000005,1.0,37.3,0.7346190222392027,False
[C@@H]23[C@H]([C@H]1[C@]([C@@H](C(C)=O)CC1)(C)C[C@H]2N(C)C)CC[C@@H]4[C@@]3(C[C@H](OCC)[C@H](C4)O)C,1.0,405.62300000000016,4.150300000000003,1.0,49.77,0.7632801831944661,False
CC1(C)S[C@@H]2[C@H](NC(=O)COc3ccccc3)C(=O)N2[C@H]1C([O-])=O,0.0,349.3880000000001,-0.6375999999999995,1.0,98.77000000000001,0.7103707489976623,False
CC1(C)S[C@@H]2[C@H](NC(=O)C(C)(C)Oc3ccccc3)C(=O)N2[C@H]1C(O)=O,0.0,378.4500000000001,1.4756999999999998,2.0,95.94,0.7536791309380821,False
CC(Oc1ccccc1)C(=O)NC2C3SC(C)(C)C(N3C2=O)C(O)=O,0.0,364.4230000000001,1.0856,2.0,95.94,0.7594682915498,False
CCC(Oc1ccccc1)C(=O)NC2C3SC(C)(C)C(N3C2=O)C(O)=O,0.0,378.45000000000016,1.4756999999999998,2.0,95.94,0.7281454972962288,False
Cc1ncc(n1CC(O)CCl)[N+]([O-])=O,1.0,219.628,0.6994199999999999,1.0,81.19,0.45920678237514917,False
CN=C(NCCSCc1nc[nH]c1C)NC#N,0.0,252.347,0.5974,3.0,88.88999999999999,0.23465880975452968,False
Cc1ncc(n1CCO)[N+]([O-])=O,1.0,171.15599999999998,0.09201999999999982,1.0,81.19,0.5158680082581498,False
C1=C([N](CC[S](CC)(=O)=O)C(=N1)C)[N+](=O)[O-],1.0,247.27599999999998,0.5344200000000003,0.0,95.1,0.5584635043283493,False
CO/N=C(C(=O)N[C@H]1[C@H]2SCC(=C(N2C1=O)C(O)=O)COC(N)=O)/c3occc3,1.0,424.39100000000013,-0.5359999999999983,3.0,173.76,0.29500804859666163,False
CO/N=C(C(=O)N[C@H]1[C@H]2SCC(=C(N2C1=O)C(O)=O)COC(C)=O)/c3occc3,0.0,423.40300000000013,-0.06819999999999826,2.0,147.74,0.266062799749095,False
CO/N=C(C(=O)N[C@H]1[C@H]2SCC(=C(N2C1=O)C(=O)OC(C)OC(C)=O)COC(N)=O)/c3occc3,0.0,510.4810000000003,-0.16829999999999856,2.0,189.06,0.14747154295004614,False
COCCCC(=O)OC(C)OC(=O)C1=C(COC(N)=O)CS[C@@H]2[C@H](NC(=O)C(=N/OC)\c3occc3)C(=O)N12,0.0,568.5610000000001,0.2384000000000029,2.0,198.29000000000002,0.08216289841405999,False
Clc1cc2c(Oc3ccccc3C3CN(CC32)C)cc1,1.0,285.774,4.258500000000004,0.0,12.47,0.7170507116408825,False
Clc1cc2c(Oc3ccccc3C3CNCC32)cc1,1.0,271.747,3.9163000000000032,1.0,21.259999999999998,0.784208208938289,False
c1c2c(cc(c1)Cl)[C@@H]1[C@H](c3ccccc3O2)CNC1,1.0,271.747,3.9163000000000032,1.0,21.259999999999998,0.784208208938289,False
c1c2c(cc(c1)Cl)[C@@H]1[C@H](c3ccccc3O2)CN(C1)C,1.0,285.77400000000006,4.258500000000004,0.0,12.47,0.7170507116408826,False
CCC(=O)N(C1CCN(CC1)CCc2ccccc2)c3ccccc3,1.0,336.479,4.136700000000003,0.0,23.550000000000004,0.7914868412582015,False
[C@]3(N(C1=CC=CC=C1)C(=O)CC)(C(=O)OC)[C@H](CN(CCC2=CC=CC=C2)CC3)C,1.0,408.54200000000014,3.925900000000003,0.0,49.85,0.6516960042043655,False
C1=CC=CC=C1N(C3(CCN(CCC2=CC=CC=C2)CC3)C(OC)=O)C(CC)=O,1.0,394.51500000000027,3.6799000000000026,0.0,49.85,0.6724527219681645,False
C3=C(N(C2CCN(CCC1=CC=CC=C1)CC2)C(COC)=O)C(=CC=C3)F,1.0,370.4680000000001,3.5122000000000027,0.0,32.78,0.7477063414194254,False
CC1=CN([C@H]2C[C@H](F)[C@@H](CO)O2)C(=O)NC1=O,1.0,244.22199999999998,-0.53708,2.0,84.32,0.731622172408428,False
OC[C@H]1O[C@H](C[C@@H]1O)N2C=C(F)C(=O)NC2=O,0.0,246.19399999999996,-1.6835999999999995,3.0,104.54999999999998,0.5776171321259124,False
OCC1OC(C(O)C1O)N2C=CC(=O)NC2=O,1.0,244.203,-2.8519000000000005,4.0,124.77999999999997,0.4435105912731592,False
CC1=CN([C@H]2C[C@H](N=[N+]=[N-])[C@@H](CO)O2)C(=O)NC1=O,0.0,267.245,-0.19628000000000012,2.0,133.07999999999998,0.4454004294146897,False
Cc1onc(c2ccccc2Cl)c1C(=O)N[C@H]3[C@H]4SC(C)(C)[C@@H](N4C3=O)C(O)=O,1.0,435.8890000000002,2.5487200000000003,2.0,112.74000000000001,0.7092649200190689,False
Cc1onc(c2ccccc2)c1C(=O)N[C@H]3[C@H]4SC(C)(C)[C@@H](N4C3=O)C(O)=O,0.0,401.4440000000002,1.8953199999999997,2.0,112.74000000000001,0.7524509230706136,False
Cc1onc(c1C(=O)N[C@H]2[C@H]3SC(C)(C)[C@@H](N3C2=O)C(O)=O)c4c(F)cccc4Cl,0.0,453.87900000000013,2.6878200000000003,2.0,112.74000000000001,0.6840735128490479,False
Cc1onc(c1C(=O)N[C@H]2[C@H]3SC(C)(C)[C@@H](N3C2=O)C(O)=O)c4c(Cl)cccc4Cl,0.0,470.3340000000002,3.2021200000000016,2.0,112.74000000000001,0.660289548252613,False
C1CCN(CC1)Cc1cccc(c1)OCCCNC(=O)C,1.0,290.40700000000004,2.5775000000000006,1.0,41.57,0.7848096466604593,False
C1CCN(CC1)Cc1cc(OCCCO)ccc1,1.0,249.35399999999996,2.433700000000001,1.0,32.7,0.785988033772672,False
C1CN(CCC1)Cc1cccc(c1)OCCCNC(=O)C,1.0,290.40700000000004,2.5775000000000006,1.0,41.57,0.7848096466604593,False
C1CN(CCC1)Cc1cccc(c1)OCCCO,1.0,249.35399999999996,2.4337000000000004,1.0,32.7,0.785988033772672,False
[Cl].CC(C)NCC(O)COc1cccc2ccccc12,1.0,294.802,3.267000000000002,2.0,41.489999999999995,0.8590504316141245,False
CC(C)NCC(O)COc1cccc2ccccc12,0.0,259.34900000000005,2.5775000000000006,2.0,41.489999999999995,0.8375057924076362,False
C1=C(C=CC2=C1C=CC=C2)CC([NH2+]C)=NC.[Cl-],1.0,248.75699999999995,-1.3921999999999983,1.0,28.97,0.5010267644903215,False
C2=C1C(=CC=CC1=CC=C2)OC(\C(=N\O)N)C,1.0,230.26699999999997,2.3535000000000004,2.0,67.84,0.3678808941749418,False
C1=CC=CC=C1C2C(N(CC)C(N2)=O)=O,1.0,204.22899999999998,1.2993999999999999,1.0,49.410000000000004,0.7380128478007799,False
C2=C(C1(C(N(C)C(N1)=O)=O)CC)C=CC=C2,1.0,218.256,1.4735,1.0,49.410000000000004,0.7641313182304031,False
C1=CC=CC=C1C2(N(C(=O)NC2=O)C)CC,1.0,218.25599999999997,1.4735,1.0,49.410000000000004,0.7641313182304031,False
C1=C(OC)C(=CC2=C1C(=C(C(OCC)=O)[NH]2)CCN4CCN(C3=CC=CC=C3)CC4)OC,1.0,437.5400000000002,3.7265000000000033,1.0,67.03,0.5419669086482998,False
C1=C(OC)C(=CC2=C1C(=C(C)[NH]2)CCN4CCN(C3=CC=CC=C3OC)CC4)OC,1.0,409.53000000000014,3.8668200000000033,1.0,49.96000000000001,0.6420725941548016,False
C1=C(OC)C(=CC2=C1C(=C(C)[NH]2)CCN4CCN(C3=CC=CC=C3)CC4)OC,1.0,379.5040000000001,3.858220000000003,1.0,40.730000000000004,0.7061195500367738,False
C2=C(C1CN(CCO1)C(C)C)C=CC(=C2)C(F)(F)F,1.0,273.298,3.4871000000000025,0.0,12.47,0.8175658083748503,False
C2=C(C1C(C)NCCO1)C=CC=C2,1.0,177.24700000000004,1.736,1.0,21.259999999999998,0.705114488465338,False
[C@H]2(C1=CC=CC=C1)[C@@H](N(CCO2)C)C,1.0,191.27399999999994,2.0782,0.0,12.47,0.6735555473027665,False
C1=C(Cl)C=CC2=C1C(=NCC(=O)N2)C3=CCCCC3,1.0,274.75100000000003,3.5816000000000017,1.0,41.46,0.835465213651998,False
C1=C([N+](=O)[O-])C=CC2=C1C(=NCC(N2C)=O)C3=CCCCC3,1.0,299.3300000000001,2.8607000000000014,0.0,75.81,0.6221126402396588,False
C1=C(Cl)C=CC2=C1C(=NCC(=O)N2C)C3=CCCCC3,1.0,288.7780000000001,3.605900000000002,0.0,32.67,0.7768984685193911,False
C1=CC=CC3=C1N(C2=C(C=CC=C2)C3(C)C)CCCNC,1.0,280.41499999999996,4.073500000000003,1.0,15.27,0.8491854793241088,False
C1=C(Cl)C=CC3=C1C(C2=C(C=CC=C2)N3)CCCN(C)C,1.0,300.833,4.870700000000005,1.0,15.27,0.8662663446746822,False
C1=CC=CC3=C1N(C2=C(C=CC=C2)C3(C)C)CCCN(C)C,1.0,294.442,4.415700000000004,0.0,6.48,0.8235613107650849,False
C1=C(C)C=CC3=C1C(=NC2=C(C=CC=C2)S3)N4CCN(C)CC4,1.0,323.46500000000015,3.785320000000003,0.0,18.84,0.7350277559573194,False
C1=CC=CC3=C1C(=NC2=CC=CC=C2S3)N4CCN(CCOCCO)CC4,1.0,383.5170000000003,2.8560000000000008,1.0,48.3,0.8048695029648196,False
C1=C(Cl)C=CC2=C1C(=NC3=C(S2)C=CC=C3)N4CCN(CC4)C,1.0,343.8830000000002,4.1303000000000045,0.0,18.84,0.7163896237621907,False
C1=C(OC)C(=CC2=C1C(=NN=C(C2)C)C3=CC=CC(=C3)Cl)OC,1.0,328.79900000000004,4.126600000000003,0.0,43.18000000000001,0.8499846885063546,False
C1=C(OC)C(=CC2=C1C(=NN=C(C2CC)C)C3=CC=C(C(=C3)OC)OC)OC,1.0,382.46000000000015,4.441500000000003,0.0,61.640000000000015,0.7408898084471941,False
C2=C1C(=NN=C(CC1=CC(=C2OC)OC)C)C3=CC=C(N)C=C3,1.0,309.369,3.0554000000000014,1.0,69.2,0.8859386521380769,False
[H+].C2=C1OCC(OC1=C(C=C2)OCC)CNCCCC.[Cl-],1.0,301.81399999999996,-0.2686999999999984,1.0,39.72,0.7041134367580367,False
C1=CC=CC2=C1OC(CNCCCC)CO2,1.0,221.29999999999993,2.2161,1.0,30.49,0.7732783443593065,False
CC(C)CCNCC2COc1ccccc1O2,1.0,235.327,2.4621000000000004,1.0,30.49,0.795237336195538,False
C1=NC(=NC2=C1N=C[N]2COCCO)N,1.0,209.20899999999995,-0.6251000000000002,2.0,99.08,0.6505777796577457,False
C1=NC2=C([N]1CCC(COC(C)=O)COC(C)=O)N=C(N)N=C2,1.0,321.337,0.5409999999999996,1.0,122.22000000000001,0.7331153421527291,False
C1=NC2=C([N]1COC(COC(C)C)COC(C)C)N=C(N)N=C2,1.0,323.397,1.6011999999999995,1.0,97.31,0.7481994496134939,False
C2=C(C1(OCCN(CC)CC)CCCCC1)C=CC(=C2)Cl,1.0,309.881,4.8578000000000054,0.0,12.47,0.7130618619031799,False
C2=C(C1(CCCCC1)NCC)C=CC=C2,1.0,203.329,3.4555000000000025,1.0,12.03,0.7930209375180072,False
[C@H]1([C@](O)(CCCC1)C2=CC(=CC=C2)OC)CN(C)C.[H+].[Cl-],1.0,299.842,-0.2488999999999988,1.0,32.7,0.8323206250068523,False
[C@]1(O)(C[C@@H]4N(CC1)C[C@@H]2C5=C(CCC3=CC=CC=C23)C=CC=C45)C(C)(C)C.[H+].[Cl-],1.0,397.9900000000001,1.9612999999999998,1.0,23.47,0.7341980902505179,False
[C@H]15C3=C(CCC2=C1C=CC=C2)C=CC=C3[C@H]4C[C@](C(C)C)(O)CCN4C5,1.0,347.5020000000002,4.454700000000003,1.0,23.47,0.8234489478476534,False
C5=C2C1=C(CCC4=C(C1CN3CCCCC23)C=CC=C4)C=C5,1.0,289.42199999999997,4.4577000000000035,0.0,3.24,0.6919818514574935,False
C1=CC=C(Cl)C3=C1\C(C2=CC=CC=C2C=C3)=C/CC[N+]([O-])(C)C,1.0,325.8390000000001,5.2198000000000055,0.0,23.06,0.4779990882707331,False
C1=CC=CC2=C1C(C3=C(C=C2)C=CC=C3)=CCCN(C)C,1.0,275.39500000000004,4.553800000000005,0.0,3.24,0.6773504085567709,False
CN(C)CC#CC=C2c1ccccc1C=Cc3ccccc23,1.0,285.39000000000004,4.167100000000003,0.0,3.24,0.6066326376960814,False
[C@H]23OC1=C(OC(=O)C)C=CC6=C1C25C4(C[C@@H](C3(OC)C=C4)[C@](O)(CCC)C)C(N(CC5)C)C6,1.0,453.5790000000003,3.383300000000002,1.0,68.23,0.4188595525956014,False
[C@@](O)(C5C6(OC)C2OC1=C(O)C=CC4=C1C23C(C(N(CC3)CC=C)C4)(C5)C=C6)(CCC)C,1.0,437.5800000000004,3.719800000000003,2.0,62.160000000000004,0.6644996936606936,False
C2=CC(=C3OC5C14C6(C(N(CC1)C)CC2=C34)CC(C5(OC)C=C6)C(O)(CCC)C)O,1.0,411.5420000000001,3.163600000000002,2.0,62.16000000000001,0.745557571637686,False
C2=C(C(OC1=CC=C(C=C1)NC(C)=O)=O)C(=CC=C2)O,1.0,271.272,2.5698000000000003,2.0,75.63,0.6641975909483404,False
C1=CC=CC(=C1C(OC2=CC=C(NC(C)=O)C=C2)=O)OC(C)=O,1.0,313.3090000000001,2.7895000000000003,1.0,81.69999999999999,0.6930872862487459,False
C1=CC=CC(=C1OC(C2=C(C=CC=C2)O)=O)C(O)=O,1.0,258.22900000000004,2.3096,2.0,83.83000000000001,0.6515507183057149,False
CN1C(=O)N(C)c2ncn(CCNCC(O)c3ccc(O)c(O)c3)c2C1=O,0.0,375.3850000000001,-0.8319000000000003,4.0,134.54000000000002,0.326168114460628,False
[H+].C1=NC3=C([N]1CCNC(CC2=CC=CC=C2)C)C(=O)N(C(=O)N3C)C.[Cl-],1.0,377.8760000000001,-2.2289999999999957,1.0,73.85,0.5275209043020795,False
C1=NC3=C([N]1CCNC(C(C2=CC=CC=C2)O)C)C(N(C)C(N3C)=O)=O,1.0,357.41400000000016,0.14539999999999953,2.0,94.07999999999998,0.6547382951441181,False
CCN(CC)C(C)=NN=Cc1c(O)c2c3C(=O)C4(C)OC=CC(OC)C(C)C(OC(C)=O)C(C)C(O)C(C)C(O)C(C)C=CC=C(C)C(=O)Nc1c(O)c2c(O)c(C)c3O4,0.0,836.9800000000001,5.848220000000009,6.0,229.26999999999995,0.05019642496017662,True
CCN(CC)C(=O)COc1cc2NC(=O)C(=C\C=C\[C@H](C)[C@H](O)[C@@H](C)[C@@H](O)[C@@H](C)[C@H](OC(C)=O)[C@H](C)[C@@H](OC)/C=C/O[C@@]3(C)Oc4c(C)c(O)c(c2O)c1c4C3=O)/C,0.0,810.9380000000001,5.295720000000007,5.0,210.61999999999995,0.17797045998967978,False
CO[C@H]1/C=C/O[C@@]2(C)Oc3c(C)c(O)c4c(O)c(NC(=O)C(=C\C=C\[C@H](C)[C@H](O)[C@@H](C)[C@@H](O)[C@@H](C)[C@H](OC(C)=O)[C@@H]1C)/C)cc(O)c4c3C2=O,0.0,697.778,4.754120000000006,6.0,201.30999999999997,0.14308740870723383,True
CC1(C)N[C@@H](C(=O)N1[C@H]2[C@H]3SC(C)(C)[C@@H](N3C2=O)C(O)=O)c4ccccc4,0.0,389.4770000000001,1.4111,2.0,89.95000000000002,0.7600947539567586,False
COCOC(=O)C1N2C(SC1(C)C)C(N3C(=O)C(NC3(C)C)c4ccc(O)cc4)C2=O,0.0,449.5290000000002,1.1791999999999998,2.0,108.41,0.3919876431615899,False
COCOC(=O)[C@@H]1N2[C@H](SC1(C)C)[C@H](N3C(=O)C(NC3(C)C)c4ccccc4)C2=O,0.0,433.5300000000002,1.4735999999999996,1.0,88.18,0.4274215299634059,False
CC(C)c1ccccc1OCC2=NCCN2,0.0,218.29999999999993,2.1904999999999997,1.0,33.62,0.8401149497648565,False
CC(C)c1ccc(C)cc1OCC2=NCCN2,0.0,232.32699999999994,2.49892,1.0,33.62,0.865002523868336,False
C1=C(C(=CC=C1OCC2=NCCN2)Cl)Cl,1.0,245.10899999999998,2.3739,1.0,33.62,0.8863838416754268,False
CCOC(=O)C1=C(C)NC(=C(C1c2cccc(Cl)c2Cl)C(=O)OC)C,0.0,384.2590000000002,3.9643000000000033,1.0,64.63,0.796446127712753,False
COC(=O)C1=C(C)NC(=C(C1c2ccccc2[N+]([O-])=O)C(=O)OC)C,0.0,346.33900000000017,2.1756,1.0,107.77,0.5055052971214054,False
CCOC(=O)C1=C(C)NC(=C(C1c2cccc(c2)[N+]([O-])=O)C(=O)OC)C,0.0,360.36600000000016,2.5657000000000005,1.0,107.77,0.48824718120126853,False
CCC(=O)O[C@H]1[C@@H](C)[C@@H](C)OC(=O)C(C)[C@@H](O[C@H]2C[C@H](OC)[C@@H](OC(=O)CC)[C@H](C)O2)[C@H](C)[C@@H](O[C@@H]3O[C@H](C)C[C@@H]([C@H]3O)N(C)C)C(C)C[C@@]4(CO4)C(=O)[C@@H]1C,0.0,799.996,3.8303000000000065,1.0,178.12000000000003,0.1914707632287408,False
COC1CC(OC(C)C1O)O[C@H]2[C@H](C)[C@@H](OC3OC(C)CC(C3O)N(C)C)[C@@H](C)C[C@]4(CO4)C(=O)[C@H](C)[C@@H](O)[C@@H](C)[C@@H](C)OC(=O)[C@@H]2C,0.0,687.8680000000004,1.9085000000000043,3.0,165.98,0.27419520694933036,False
CO[C@H]1C[C@@H](O[C@@H](C)[C@@H]1OC(C)=O)O[C@H]2[C@H](C)[C@@H](O[C@@H]3O[C@H](C)C[C@@H]([C@H]3OC(C)=O)N(C)C)[C@@H](C)C[C@@]4(CO4)C(=O)[C@H](C)[C@@H](OC(C)=O)[C@@H](C)[C@@H](C)OC(=O)[C@@H]2C,0.0,813.979,3.6209000000000087,0.0,184.19,0.1866995587423804,False
CN(C)[C@H]1[C@@H]2C[C@H]3C(=C(O)c4c(O)cccc4[C@@]3(C)O)C(=O)[C@]2(O)C(=O)\C(=C(/O)NC(N5CCN(CCO)CC5)C(O)=O)C1=O,0.0,630.6510000000003,-1.719499999999992,8.0,231.64,0.0724777661522546,True
CN(C)C1C2CC3C(=C(O)c4c(O)cccc4C3(C)O)C(=O)C2(O)C(=O)\C(=C(/O)NCN5CCN(CC5)C(=N)N=C(N)N)C1=O,0.0,626.671,-1.956829999999992,9.0,262.36,0.04391172140703054,True
CN(C)C1C2CC3C(=C(O)c4c(O)cccc4C3(C)O)C(=O)C2(O)C(=O)\C(=C(/O)NCN5CCN(CCO)CC5)C1=O,0.0,586.6420000000003,-1.1726999999999952,7.0,194.34,0.09128381796880011,True
CC(C)(C)C(=O)OCOC(=O)C1N2[C@H](SC1(C)C)[C@H](N=CN3CCCCCC3)C2=O,0.0,439.5780000000003,2.4116,0.0,88.50999999999999,0.21365479686795516,False
CCOC(=O)OC(C)OC(=O)[C@@H]1N2[C@H](SC1(C)C)[C@H](N=CN3CCCCCC3)C2=O,0.0,441.55000000000035,2.3839000000000006,0.0,97.74000000000001,0.2037436478811709,False
CC1(C)S[C@@H]2[C@H](N=CN3CCCCCC3)C(=O)N2[C@H]1C(O)=O,0.0,325.4339999999999,1.4062000000000001,1.0,73.21000000000001,0.48235981573967446,False
CCc1ccccc1N2C(=Nc3ccccc3C2=O)C,1.0,264.328,3.256520000000002,0.0,34.89,0.7117870968894493,False
CC1=Nc2ccccc2C(=O)N1c3ccccc3Cl,1.0,270.71899999999994,3.347520000000002,0.0,34.89,0.6796412819181323,False
Cc1ccccc1N2C(=Nc3ccccc3C2=O)C,1.0,250.301,3.0025400000000015,0.0,34.89,0.665120871179505,False
O=C1NC(=O)C(N1)(c2ccccc2)c3ccccc3,1.0,252.27300000000002,1.7695999999999998,2.0,58.2,0.8001945345367882,False
C1=CC=CC=C1C3(C2=CC=CC=C2)C(N(CO[P](O)(O)=O)C(N3)=O)=O,1.0,362.278,1.5487999999999993,3.0,116.16999999999999,0.5489342308438097,False
C1=CC=CC=C1C3(C2=CC=CC=C2)NC(=O)NC3=O,1.0,252.273,1.7695999999999994,2.0,58.2,0.8001945345367881,False
CC1C2Cc3ccc(O)cc3C1(C)CCN2CC4CC4,1.0,271.404,3.3264000000000022,1.0,23.47,0.8916299429541984,False
[C@@]23(C([C@H](N(CC1(CC1)O)CC2)CC4=C3C=C(C=C4)O)(C)C)CC,1.0,315.45700000000005,3.2215000000000016,2.0,43.7,0.8999109870408781,False
C1=C(O)C=CC4=C1C3(C(C(N(CC2CC2)CC3)C4)(C)C)CC,1.0,299.458,4.106600000000004,1.0,23.47,0.9077907097451023,False
CN1C(=O)CC(=O)N(c2ccccc2)c3cc(Cl)ccc13,1.0,300.74500000000006,3.3712000000000018,0.0,40.620000000000005,0.7576569223589451,False
Clc1ccc2NC(=O)CC(=O)N(c3ccccc3)c2c1,1.0,286.718,3.3469000000000015,1.0,49.410000000000004,0.8174417172451933,False
C1=C(C(F)(F)F)C=CC3=C1N(C2=CC=CC=C2)C(CC(N3C)=O)=O,1.0,334.29700000000014,3.7366000000000037,0.0,40.620000000000005,0.7456532068692316,False
CCCCNc1c(cnc2n(CC)ncc12)C(=O)OCC,1.0,290.367,2.839900000000001,1.0,69.04,0.6269964033741782,False
CCOC(=O)c1cnc2n(CC)ncc2c1NN=C(C)C,1.0,289.33900000000006,2.4356,1.0,81.39999999999999,0.5191515705955546,False
C1=N[N](C2=C1C(=C(C(=N2)C)C(OCC)=O)NCCCC)CC,1.0,304.39400000000006,3.148320000000002,1.0,69.03999999999999,0.6283660799399211,False
OC(=O)C1=CN(C2CC2)c3cc(N4CCNCC4)c(F)cc3C1=O,0.0,331.34700000000004,1.5833,2.0,74.57,0.8932298763507216,False
C[C@H]1CN(C[C@@H](C)N1)c2c(F)c(N)c3C(=O)C(=CN(C4CC4)c3c2F)C(O)=O,0.0,392.4060000000001,2.0816,3.0,100.59,0.6918289177745705,False
CC1CN(CCN1)c2cc3N(C=C(C(O)=O)C(=O)c3c(C)c2F)C4CC4,0.0,359.4010000000001,2.28022,2.0,74.57,0.8795000805170116,False
c1(cc(c(cc1)Cl)Cl)CC(N1CCCC[C@H]1CN1CCCC1)=O,1.0,355.30900000000014,4.012800000000003,0.0,23.55,0.814739745454348,False
c1(ccc(cc1)C(F)(F)F)CC(N1[C@@H](CCCC1)CN1CCCC1)=O,1.0,354.41600000000017,3.7248000000000028,0.0,23.55,0.8226589540853693,False
c1(ccc(c(c1)Cl)Cl)CC(N1[C@@H](CN2CCCC2)CC(CC1)(C)C)=O,1.0,383.3630000000002,4.648900000000004,0.0,23.55,0.755808228982223,False
CN(C)CCC(c1ccccc1)c2ccccn2,0.0,240.35000000000002,3.1652000000000013,0.0,16.130000000000003,0.7977462845021502,False
CN(C)CCOC(C)(c1ccccc1)c2ccccn2,1.0,270.37600000000003,2.923300000000001,0.0,25.36,0.8067475103694609,False
CN(C)CCOC(C)(c1ccccc1)c2ccccn2.OC(=O)CCC(O)=O,1.0,388.4640000000002,2.8591000000000006,2.0,99.96000000000001,0.6811649986882308,False
CN(C)C/C=C(/c1ccc(Br)cc1)c2cccnc2,1.0,317.22999999999996,3.8374000000000024,0.0,16.130000000000003,0.8516726555149139,False
C1=CC(=CC=C1\C(C2=CC=CN=C2)=C\CNC)Br,1.0,303.203,3.4952000000000014,1.0,24.92,0.9349192160562853,False
C2=C(\C(C1=CC=CN=C1)=C\CN(C)C)C=CC(=C2)Br,1.0,317.22999999999996,3.8374000000000024,0.0,16.130000000000003,0.8516726555149139,False
Nc1nc(Cl)nc2n(cnc12)[C@H]3C[C@H](O)[C@@H](CO)O3,1.0,285.69100000000003,-0.29740000000000044,3.0,119.31000000000002,0.6481668237451135,False
Nc1ncnc2n(cnc12)C3OC(CO)C(O)C3O,1.0,267.245,-1.9799999999999998,4.0,139.54000000000002,0.49051986767922323,False
[C@H]3([N]2C1=C(C(=NC=N1)N)N=C2)[C@@H]([C@@H]([C@H](O3)C[S+](CC[C@@H](C([O-])=O)N)C)O)O,1.0,398.4450000000002,-3.2568999999999964,4.0,185.46,0.34496993620130284,False
C[C@]12CC[C@H]3[C@@H](CCc4cc(O)ccc34)[C@@H]1CC[C@@H]2O,0.0,272.388,3.6092000000000026,2.0,40.46,0.7571697435556861,False
C[C@]12CC[C@H]3[C@@H](CCc4cc(O)ccc34)[C@@H]1CC[C@@]2(O)C#C,0.0,296.41,3.6126000000000023,2.0,40.46,0.7180018360911578,False
COc1ccc2[C@H]3CC[C@@]4(C)[C@@H](CC[C@@]4(O)C#C)[C@@H]3CCc2c1,0.0,310.43700000000007,3.915600000000003,1.0,29.46,0.7968347529245803,False
Clc1ccc(COC(Cn2ccnc2)c3ccc(Cl)cc3Cl)cc1,0.0,381.69000000000005,5.801400000000003,0.0,27.05,0.5391871956552778,False
Clc1ccc(COC(Cn2ccnc2)c3ccc(Cl)cc3Cl)c(Cl)c1,0.0,416.1350000000001,6.454800000000002,0.0,27.05,0.4616906207935435,False
C1=C(C=CC(=C1Cl)COC(C[N]2C=NC=C2)C3=C(C=C(C=C3)Cl)Cl)Cl,1.0,416.135,6.454800000000002,0.0,27.05,0.46169062079354367,False
CO[C@H]1[C@@H](C[C@@H]2CN3CCc4c([nH]c5cc(OC)ccc45)[C@H]3C[C@@H]2[C@@H]1C(=O)OC)OC(=O)c6cc(OC)c(OC)c(OC)c6,1.0,608.6880000000003,4.171100000000004,1.0,117.78000000000002,0.3735666920618681,False
CO[C@H]1[C@@H](C[C@@H]2CN3CCc4c([nH]c5ccccc45)[C@H]3C[C@@H]2[C@@H]1C(=O)OC)OC(=O)c6cc(OC)c(OC)c(OC)c6,1.0,578.6620000000004,4.162500000000003,1.0,108.55000000000003,0.4135684352582827,False
[C@@H]36C2=C(C1=CC(=CC=C1[NH]2)Cl)CCN3C[C@H]5C[C@@H](OC(C4=CC(=C(C(=C4)OC)OC)OC)=O)[C@@H]([C@H]([C@H]5C6)C(OC)=O)OC,1.0,613.1070000000002,4.815900000000004,1.0,108.55000000000003,0.3758615055158396,False
C[C@@H]1[C@H]2Cc3ccc(O)cc3[C@]1(C)CCN2CC=C(C)C,1.0,285.431,3.8826000000000036,1.0,23.47,0.8335259245753122,False
[C@]1([C@]2(C3=C(C[C@@H]1N(CC2)C)C=CC(=C3)O)C)(CCC(=O)CCCCC)C,1.0,357.53800000000024,4.8460000000000045,1.0,40.54,0.709513574547413,False
C1=CC(=CC2=C1CC3C(C2(CCN3C)C)C)O,1.0,231.33899999999994,2.546200000000001,1.0,23.47,0.7414676389159356,False
NC1=NC(=O)C(O1)c2ccccc2,1.0,176.17499999999998,0.5992,1.0,64.67999999999999,0.6809458251088377,False
C1=CC=CC=C1C2C(N=C(O2)NCC)=O,1.0,204.22899999999998,1.25,1.0,50.69,0.7883421890802552,False
C1=CC=CC=C1C2OC(=NC2=O)N(C)C,1.0,204.22899999999996,1.2021,0.0,41.9,0.689927233655312,False
OC1C(N2CCC1)=NC(C)=C(CCN3CCC(CC3)c4c5ccc(F)cc5on4)C2=O,1.0,426.49200000000013,3.0813200000000016,1.0,84.38999999999999,0.690288795717062,False
c1(c2c(cc(F)cc2)on1)C1CCN(CCc2c(n3c([C@@H](CCC3)O)nc2C)=O)CC1,1.0,426.49200000000025,3.0813200000000016,1.0,84.39000000000001,0.6902887957170618,False
CC1=C(CCN2CCC(CC2)c3noc4cc(F)ccc34)C(=O)N5CCCCC5=N1,1.0,410.4930000000002,3.5904200000000026,0.0,64.16,0.6577452185749304,False
c1cccn2c1nc(c2)CCN,0.0,161.20799999999997,0.8354999999999999,1.0,43.32,0.7087305115115554,False
NCCc1cn2c(n1)cccc2,0.0,161.208,0.8354999999999998,1.0,43.32,0.7087305115115554,False
c1c(nc2n1cccc2)CCN,0.0,161.20799999999994,0.8354999999999999,1.0,43.32,0.7087305115115554,False
CNCCCC12CCC(c3ccccc13)c4ccccc24,1.0,277.41100000000006,4.211400000000004,1.0,12.03,0.8254375445230729,False
C1=CC=C2C(=C1)C3C4=C(C2(CNC)CC3)C=CC=C4,1.0,249.35699999999997,3.4312000000000022,1.0,12.03,0.8595106903666029,False
C13(C4=C(C(C2=C1C=CC=C2)CC3)C=CC=C4)C[C@H](CNC)O,1.0,293.40999999999997,3.1822000000000012,2.0,32.26,0.9072061089263286,False
CC[C@]1(O)C[C@H]2CN(CCc3c([nH]c4ccccc34)[C@@](C2)(C(=O)OC)c5cc6c(cc5OC)N(C)[C@H]7[C@](O)([C@H](OC(C)=O)[C@]8(CC)C=CCN9CC[C@]67[C@H]89)C(=O)OC)C1,1.0,810.9889999999999,3.9909000000000034,3.0,154.1,0.179801053533736,False
CC[C@]1(O)C[C@H]2CN(CCc3c([nH]c4ccccc34)[C@@](C2)(C(=O)OC)c5cc6c(cc5OC)N(C=O)[C@H]7[C@](O)([C@H](OC(C)=O)[C@]8(CC)C=CCN9CC[C@]67[C@H]89)C(=O)OC)C1,1.0,824.972,3.5175000000000036,3.0,171.17,0.1310247762677446,False
CC[C@]1(O)C[C@H]2CN(CCc3c([nH]c4ccccc34)[C@@](C2)(C(=O)OC)c5cc6c(cc5OC)N(C)[C@H]7[C@](O)([C@H](O)[C@]8(CC)C=CCN9CC[C@]67[C@H]89)C(N)=O)C1,0.0,753.9409999999999,2.732400000000002,5.0,164.82,0.18692292906506017,False
O=C1N(CCC1)CCCCN2CCN(CC2)c3cc(C(F)(F)F)ccn3,1.0,370.419,2.625000000000001,0.0,39.68000000000001,0.7220577038314753,False
C1N(CCN(C1)c1cc(ccn1)C(F)(F)F)CCCCN1C(CCC1)=O,1.0,370.41900000000027,2.625000000000001,0.0,39.68,0.7220577038314749,False
c1c(Cl)nc(N2CCN(CCCCN3C(CCC3)=O)CC2)cc1C(F)(F)F,1.0,404.8640000000001,3.278400000000002,0.0,39.68000000000001,0.5386091738868428,False
Cn1nnnc1SCC2=C(N3[C@H](SC2)[C@H](NC(=O)[C@H](O)c4ccccc4)C3=O)C(O)=O,1.0,462.5130000000002,-0.22560000000000074,3.0,150.54,0.37188796650239864,False
OC(C(=O)N[C@H]1[C@H]2SCC(=C(N2C1=O)C(O)=O)CSc3nnnn3C[S](O)(=O)=O)c4ccccc4,0.0,542.5770000000002,-0.9172999999999989,4.0,204.91,0.17210207791289023,False
NCc1ccccc1CC(=O)N[C@H]2[C@H]3SCC(=C(N3C2=O)C(O)=O)CSc4nnnn4CC(O)=O,0.0,519.5650000000003,-0.7101999999999982,4.0,193.63000000000002,0.2278184722894915,False
CCC(=O)O[C@@](Cc1ccccc1)([C@H](C)CN(C)C)c2ccccc2,1.0,339.47900000000004,4.275500000000004,0.0,29.54,0.6725578996267864,False
C1=CC=CC=C1C(CC2=CC=CC=C2)(NC(CN)=O)C,1.0,268.36,2.2193999999999994,2.0,55.12,0.873314712436672,False
[C@](OC(=O)CC)([C@@H](CN(C)C)C)(CC1=CC=CC=C1)C2=CC=CC=C2.[H+].[Cl-],1.0,375.94000000000005,1.3920000000000003,0.0,29.54,0.6529770646125213,False
CN(C)C(=O)Cc1n2cc(C)ccc2nc1c3ccc(C)cc3,1.0,307.39700000000005,3.2488400000000013,0.0,37.61,0.7446971593088008,False
C3=C(C1=C([N]2C(=N1)C=CC=C2)CN(C(CCC)=O)C)C=CC(=C3)Cl,1.0,341.842,4.413200000000004,0.0,37.61,0.6888435792188433,False
C3=C(C1=C([N]2C(=N1)C=CC(=C2)Cl)CC(N(CCC)CCC)=O)C=CC(=C3)Cl,1.0,404.3410000000001,5.499200000000004,0.0,37.61,0.521626059864426,False
NC(N)=NC(=O)c1nc(Cl)c(N)nc1N,1.0,229.63099999999997,-1.2919999999999998,4.0,159.29,0.34409154985497703,False
NC(=O)c1cnccn1,1.0,123.11499999999998,-0.4245000000000001,1.0,68.87,0.5507568071868295,False
CN(C)c1cnccn1,1.0,123.15899999999998,0.5425999999999999,0.0,29.020000000000003,0.5455045236550637,False
c12c3c(N4CCN(C)CC4)c(F)cc1c(c(C(O)=O)cn2C(C)CO3)=O,1.0,361.3730000000001,1.544,1.0,75.00999999999999,0.8747398264671755,False
C[C@H]1COc2c(N3CCN(C)CC3)c(F)cc4C(=O)C(=CN1c24)C(O)=O,1.0,361.37300000000005,1.544,1.0,75.00999999999999,0.8747398264671755,False
CC1COc2c(N3CCN(C)CC3)c(F)cc4C(=O)C(=CN1c24)C(O)=O,1.0,361.37300000000005,1.544,1.0,75.00999999999999,0.8747398264671755,False
C1=CC=CC2=C1N(C(=O)N2)CCCN4CCC(C(C3=CC=C(F)C=C3)=O)CC4,1.0,381.4510000000001,3.453700000000002,1.0,58.1,0.6655634984188271,False
C1=CC(=CC2=C1N(C(=O)N2)CCCN4CCC(C(C3=CC=C(F)C=C3)=O)CC4)Cl,1.0,415.8960000000001,4.1071000000000035,1.0,58.1,0.6162794698714226,False
C1=C(Cl)C=CC2=C1C(=CC3=C(S2)C=CC=C3)OCCN(C)C,1.0,331.86800000000017,4.880900000000004,0.0,12.47,0.7918165012526931,False
C1=CC=CC3=C1SC2=C(C=CC=C2)C=C3CN(C)C,1.0,267.397,4.2534000000000045,0.0,3.24,0.7998217058031644,False
C1=CC(=CC=C1C(C2(CCCCC2)O)CN(C)C)OC,1.0,277.40799999999996,3.0356000000000005,1.0,32.7,0.8976823731418612,False
C2=C(C(C1CCCCC1)CCN(C)C)C=CC=C2,1.0,245.41000000000003,4.302200000000004,0.0,3.24,0.7472311664825739,False
C3=C(C2(C1=CC=CC=C1)C(N(C(C(Cl)(Cl)Cl)O)CN2)=O)C=CC=C3,1.0,385.67800000000005,3.0081000000000007,2.0,52.57,0.7987160265500735,False
C3=C(C2(C1=CC=CC=C1)C(NCN2)=O)C=CC=C3,1.0,238.29,1.6071,2.0,41.129999999999995,0.8341960200523304,False
C1=CC=CC2=C1CC(N(C)C)C(O2)C,1.0,191.274,1.9402,0.0,12.47,0.6723400099981885,False
[C@]2(OC1=C(C(=C(C(=C1CC2)C)O)C)C)(CCC[C@@H](CCC[C@@H](CCCC(C)C)C)C)C,1.0,430.7170000000003,8.840260000000002,1.0,29.46,0.35864394447897774,False
C1=C(C=CC=C1N3CCN(CCC2=N[NH]C(=C2)C)CC3)C,1.0,284.40700000000004,2.3912400000000007,1.0,35.16,0.9360843563437582,False
C1=C(C=CC=C1N3CCN(CCC2=N[NH]C(=C2)C)CC3)Cl,1.0,304.82500000000005,2.736220000000001,1.0,35.16,0.9431320336745312,False
C1=C4C(=C2C(=C1)SC=C2C)C3=C(CCN(C3)C)[NH]4,1.0,256.3739999999999,3.6789200000000024,1.0,19.03,0.6498497956035438,False
C1=C4C(=C2C(=C1F)SC=C2C)C3=C(CCN(C3)CC)[NH]4,1.0,288.39099999999996,4.208120000000003,1.0,19.03,0.7104950812197967,False
C1=C(C(F)(F)F)C=CC3=C1C(C2=C(C=C(F)C=C2)S3)CCCN4CCN(CCO)CC4,1.0,454.5330000000004,4.831100000000006,1.0,26.71,0.6328299845411147,False
OCCCN4CCN(CCCC2c1ccccc1Sc3ccc(Cl)cc23)CC4,1.0,417.0180000000002,4.716700000000004,1.0,26.71,0.7061803030334681,False
C(SC1=NSN=C1C2=CCCN(C2)C)CCCCC,1.0,297.49300000000005,3.929400000000003,0.0,29.020000000000003,0.563102915252663,False
C(OC1=NSN=C1C2=CCCN(C2)C)CCCCC,1.0,281.42499999999995,3.2161000000000017,0.0,38.25000000000001,0.7193179399301258,False
C1=CC=CC3=C1C(C2=CC=CC=C2)(OC3(C)C)CCCNC,1.0,295.426,4.195100000000003,1.0,21.259999999999998,0.8349421295896703,False
C1=CC(=CC3=C1C(C2=CC=C(F)C=C2)(OC3)CCCN(C)C)C#N,1.0,324.399,3.8129800000000023,0.0,36.26,0.8388667572429986,False
C4=C(N2C(C1=C(SCCS1)C2=O)OC(N3CCN(C(CC)=O)CC3)=O)N=C5C(=C4)C=CC(=N5)Cl,1.0,520.0360000000004,3.338300000000002,0.0,95.94,0.5696643939803865,False
C4=C(N2C(C1=C(SCCS1)C2=O)OC(N3CCN(C)CC3)=O)N=C5C(=C4)C=CC(=N5)Cl,1.0,477.99900000000025,3.031500000000001,0.0,78.87,0.6105975432991555,False
C1=CC=CC=C1N2C4(C(NC2)=O)CCN(CCCC(C3=CC=C(F)C=C3)=O)CC4,1.0,395.4780000000001,3.217100000000001,1.0,52.650000000000006,0.7634482407563192,False
C1=CC(=CC=C1N2C4(C(NC2)=O)CCN(CCCC(C3=CC=C(F)C=C3)=O)CC4)F,1.0,413.4680000000001,3.356200000000002,1.0,52.650000000000006,0.7383068832147756,False
C(C(C3(C(CC4C2CCC1=CC(C=CC1(C)C2C(CC34C)O)=O)=C)O)=O)O,1.0,372.4610000000001,1.7237,3.0,94.83,0.6418402177877373,False
[C@]34([C@H]([C@H]2[C@@]([C@@]1(C(=CC(C=C1)=O)CC2)C)(C(C3)O)F)CC([C@@]4(C(=O)CO)O)=C)C,1.0,390.4510000000002,1.8157999999999999,3.0,94.83,0.6254374176078206,False
C1=CC=CC3=C1N(C2=C(C=CC=C2)CC3=O)C(N)=O,1.0,252.27299999999997,2.6422,1.0,63.4,0.7829578147216557,False
C1=CC=CC2=C1N(C3=C(CC2=O)C=CC=C3)CCCN(C)C,1.0,294.398,3.515200000000002,0.0,23.550000000000004,0.8618111390768594,False
C1=CC=C(C3=C1C(C2=CC=CC=C2)CN(C)C3)N,1.0,238.33399999999995,2.8461000000000007,1.0,29.259999999999998,0.7740399810607015,False
C1=CC(=CC3=C1C(C2=CC(=C(Cl)C=C2)Cl)CN(C)C3)OC,1.0,322.23500000000007,4.579300000000004,0.0,12.47,0.8023551276667946,False
C1=C(C(=NN=C1C2=CC=CC=C2)NCCN3CCOCC3)C,1.0,298.39000000000004,2.1961199999999996,1.0,50.28,0.9168214991162381,False
C1=C(C(=NN=C1C2=CC=CC=C2)NCCN3CCOCC3)C#N,1.0,309.37300000000005,1.7593799999999997,1.0,74.07,0.9069634423708053,False
[C@@H]23[C@@H](CC[C@@H]1C[C@H](CC(O1)=O)O)[C@H](C=CC2=CCC[C@@H]3OC([C@H](CC)C)=O)C,1.0,390.5200000000002,3.949500000000003,1.0,72.83000000000001,0.6953899983409009,False
[C@H]12[C@@H](OC(C(CC)(C)C)=O)C[C@@H](C)C=C1C=C[C@@H]([C@@H]2CC[C@@H]3C[C@H](CC(O3)=O)O)C,1.0,418.5740000000003,4.585600000000006,1.0,72.83,0.6390622750209786,False
C5=C3C1=C(OC4C12C(C(N(CC2)C)C3)CC=C4C)C(=C5)O,1.0,283.37099999999987,2.6174000000000013,1.0,32.7,0.7429729445779653,False
C1=CC(=C4C2=C1CC5C3C2(C(C(=CC3)OC(C)=O)O4)CCN5C)OC,1.0,341.4070000000001,2.421100000000001,0.0,48.0,0.7734062961522918,False
C1=C(C(=CC=C1)OC)OCC2CNC(O2)=O,1.0,223.22799999999998,1.1823999999999995,1.0,56.79,0.8323729571689009,False
C1=C(C=C(C=C1OCC2CNC(O2)=O)C)C,1.0,221.25599999999997,1.79064,1.0,47.56,0.8460710155484403,False
C1=C(Cl)C=CC2=C1C(=NC3=C(O2)C=CC=C3)N4CCN(CC4)C,1.0,327.81500000000017,3.7714000000000034,0.0,28.07,0.7369928778519519,False
C1=C(Cl)C=CC2=C1C(=NC3=C(O2)C=CC=C3)N4CCNCC4,1.0,313.7880000000001,3.4292000000000016,1.0,36.86,0.8093498766353519,False
C1=C(Cl)C=CC3=C1N(C2=CC=CC=C2)C(CCN3)=O,1.0,272.735,3.820300000000003,1.0,32.34,0.8558552442805426,False
C1=C(Cl)C=CC3=C1N(C2=CC=CC=C2)C(CCN3C(OCC)=O)=O,1.0,344.7980000000001,4.371300000000004,0.0,49.85,0.8123329412973189,False
C1=CC=CC3=C1C(C2=C(C=CC=C2)C3(C)C)=CCCNC,1.0,277.41099999999994,4.367100000000003,1.0,12.03,0.8216093185489922,False
C1=CC=CC3=C1C(C2=C(C=CC=C2)C3(C)C)=CCCN(C)C,1.0,291.438,4.709300000000004,0.0,3.24,0.7913804844622984,False
[C@H]3(CCCC1=C2C(=NC=C1)C=CC(=C2)OC)[C@@H](CNCC3)C=C,1.0,310.44100000000014,3.977800000000003,1.0,34.15,0.8195894390273724,False
C1=C(OC)C=CC2=NC=CC(=C12)CCCC3C(CNCC3)C=C,1.0,310.4410000000001,3.977800000000003,1.0,34.15,0.8195894390273724,False
CSC1=C(N=C(N=C1N2CCN(C)CC2)NC(C)C)Cl,1.0,315.874,2.4240000000000004,1.0,44.290000000000006,0.6798513507801957,False
CSC2=C(N1CCN(C)CC1)N=C(NC)N=C2Cl,1.0,287.82,1.6454,1.0,44.29,0.6735886628014633,False
C1=C(C(F)(F)F)C=CC3=C1N(C2=C(C=CC=C2)S3)C(CCN4CCN(C)CC4)=O,1.0,421.48800000000034,4.472200000000004,0.0,26.79,0.7306807842832064,False
C1=C(C(F)(F)F)C=CC3=C1N(C2=C(C=CC=C2)S3)C(CCN4CCN(CCO)CC4)=O,1.0,451.5140000000004,3.8347000000000033,1.0,47.02,0.7488316383941791,False
C2=C(OC1CN(C(NC)=O)C1)C=CC=C2C(F)(F)F,1.0,274.24199999999996,2.1078,1.0,41.57,0.8970483200747127,False
C1=C(C=CC=C1OC2CN(C(N)=O)C2)C(F)(F)F,1.0,260.2149999999999,1.8471,1.0,55.56,0.881768790377235,False
[C@@H](O)(/C=C/C1=C(C2=C([N]1C(C)C)C=CC=C2)C3=CC=C(F)C=C3)C[C@H](O)CC(=O)O,1.0,411.4730000000002,4.628100000000004,3.0,82.69,0.5047877346321322,False
C2=C(C1=C(C=CC=C1)[N]2N(CCN(C)C)C)C3=CC=CC=C3,1.0,293.41399999999993,3.437700000000002,0.0,11.41,0.713747711738058,False
C1=C(F)C=CC2=C1NC(=C3C(=N2)SC(=C3)C)N4CCN(CC4)C,1.0,330.4320000000002,1.88552,1.0,30.870000000000005,0.866197457435666,False
C1=C3C(=CC=C1)N=C2SC(=CC2=C(N3)N4CCN(CC4)C)C,1.0,312.4420000000001,1.7464199999999999,1.0,30.870000000000005,0.8701892005334668,False
[C@@]34(F)C(C2C(C1(N=C(OC1C2)C)C(=O)COC(=O)C)(CC3O)C)CCC5=CC(=O)C=CC45C,1.0,459.5140000000003,2.6553000000000004,1.0,102.26000000000002,0.6513266937718791,False
[C@@]45([C@@]3([C@H]([C@H]2[C@@H]([C@@]1(C(=CC(=O)C=C1)CC2)C)[C@H](C3)O)C[C@H]4OC(=N5)C)C)C(COC(C)=O)=O,1.0,441.5240000000002,2.563200000000001,1.0,102.25999999999999,0.6756078663027947,False
C2=C(\C(NCCCC)=C\1C=C(Cl)C=CC1=O)C(=CC=C2)Cl,1.0,322.235,4.702400000000003,1.0,29.1,0.6286024229486968,False
C2=C(\C(NCCCC(=O)N)=C/1C=C(F)C=CC1=O)C=CC(=C2)Cl,1.0,334.778,2.898500000000001,2.0,72.19,0.6203632977477191,False
C(C1(C(C(=CNC1=O)C)=O)CC)C,1.0,181.23499999999996,1.3955,1.0,46.17,0.6543048127003352,False
C(C1(C(C=CNC1=O)=O)CC)C,1.0,167.20799999999997,1.0053999999999998,1.0,46.17,0.6236216521673447,False
C3=C(C2=CC=C(N1CCC(O)CC1)N=N2)C(=CC(=C3)Cl)Cl,1.0,324.211,3.411500000000002,1.0,49.25,0.9196193132420848,False
C1=CC(=NN=C1C2=C(Cl)C=CC=C2)N3CCC(O)CC3,1.0,289.7660000000001,2.7581000000000007,1.0,49.25,0.9234603743201321,False
C(C1(OC(COC(N)=O)CO1)C)CCCCCCCC,1.0,287.40000000000003,3.354000000000002,1.0,70.78,0.62540520594809,False
C(C1OC(C(C)C)(C(C)C)OC1)O,1.0,188.26699999999997,1.4023999999999999,1.0,38.69,0.7273181273393281,False
C1=C(C(=CC=C1C)CC2=CC=CC=C2)N3CCNCC3,1.0,266.38800000000003,2.995420000000001,1.0,15.27,0.9184934290889034,False
C1=CC=CC(=C1N2CCN(C)CC2)CC3=CC=CC=C3,1.0,266.388,3.0292000000000012,0.0,6.48,0.8423233778902806,False
[C@@]135C67[C@@H](N(CC1)CC2CC2)CC4=CC=C(O)C(=C34)O[C@@H]5C(OC)(C(C6)C(O)(C)C)C=C7,1.0,423.55300000000017,3.1636000000000015,2.0,62.16000000000001,0.7287804242233934,False
C1=CC(=C5C2=C1CC6C34C2(C(C(OC)(C(C3)C(CC)(C)O)C=C4)O5)CCN6CC7CC7)OC,1.0,451.60700000000026,3.8567000000000027,1.0,51.16,0.6660114258401106,False
C1=CC=CC2=C1C3=C([NH]2)CCC(C3)N(C)C,1.0,214.31199999999995,2.5868,1.0,19.03,0.7727666325443201,False
CN(C)C3CCc2[nH]c1c(F)cc(F)cc1c2C3,1.0,250.29199999999997,2.865000000000001,1.0,19.03,0.8242273056090227,False
C1=C(Cl)C=CC4=C1C(N2CCN(C)CC2)CC3=C(C=CC=C3)S4,1.0,344.91099999999994,4.335800000000003,0.0,6.48,0.7596425241383091,False
C1=C(SC)C=CC4=C1C(N2CCN(C)CC2)CC3=C(C=CC=C3)S4,1.0,356.56,4.4043000000000045,0.0,6.48,0.7353683668937369,False
C1=C(Cl)C=CC4=C1N(CCCN3CCC(N2CCCCC2)(CC3)C(N)=O)C5=C(CC4)C=CC=C5,1.0,481.0840000000004,4.772600000000004,1.0,52.81,0.6464680161055111,False
C1=CC=CC4=C1N(CCCN3CCC(N2CCCCC2)(CC3)C(N)=O)C5=C(CC4)C=CC=C5,1.0,446.6390000000003,4.119200000000002,1.0,52.81,0.7253072770707405,False
[C@H]23C([C@@]1(OC(O[C@@H]1C2)(C)C)C(=O)COC(=O)C)(CC(O)[C@@]4(F)C3CC(=C5C4(CCC(=C5)OCCCl)C)C#N)C,1.0,566.0660000000001,4.287480000000003,1.0,115.08000000000001,0.3745816757248389,False
[C@]12(OC(O[C@@H]1CC3C2(CC(O)[C@@]4(F)C3CC(=C5C4(CCC(=C5)OCCCl)C)C=O)C)(C)C)C(=O)COC(=O)C,1.0,569.0660000000004,3.962800000000003,1.0,108.36000000000001,0.27922679403705114,False
C1=CC(=CC=C1C2[S](CCC(N2C)=O)(=O)=O)Cl,1.0,273.74099999999993,1.6155,0.0,54.45,0.7812058854471292,False
C2=C(C1[S](CCC(N1C)=O)(=O)=O)C=CC(=C2Cl)Cl,1.0,308.18600000000004,2.2689000000000004,0.0,54.45,0.7995050890542755,False
C2=C(C(CCCN1CCC(OC(NC(C)C)=O)CC1)=O)C=CC(=C2)F,1.0,350.4340000000001,3.3876000000000026,1.0,58.64,0.7660201159492289,False
C1=CC(=CC=C1C(CCCN2CCC(C)CC2)=O)F,1.0,263.35599999999994,3.520500000000003,0.0,20.310000000000002,0.7575355295986882,False
C1=C(Br)SC2=C1C(=NCC3=NN=C([N]23)C)C4=C(C=CC=C4)Cl,1.0,393.6970000000001,4.404120000000003,0.0,43.07,0.614634858815264,False
C1=C(SC2=C1C(=NCC3=NN=C([N]23)C)C4=CC=CC=C4Cl)CC,1.0,342.8550000000001,4.2040200000000025,0.0,43.07,0.6999722373289552,False
[C@@H]4(C1=C2C(=CC(=C1)Br)CCO2)C3=C(C=C(Cl)C(=C3)O)CCN(C4)C,1.0,408.7230000000002,4.362800000000004,1.0,32.7,0.7606959871742053,False
[C@@H]4(C1=CC=CC2=C1OCC2)C3=CC(=C(Cl)C=C3CCN(C4)C)O.CC(=O)O,1.0,389.87900000000013,3.691200000000002,2.0,70.0,0.7779428340610305,False
[C@@H]2(CN(C1=CC=C(C=C1)OCC[C@H](C(F)(F)F)O)C(O2)=O)COC,1.0,349.30500000000006,2.3503000000000007,1.0,68.23,0.8184335314448055,False
C2=C(N1CC(CO)OC1=O)C=CC=C2C,1.0,207.22899999999998,1.31252,1.0,49.77,0.7950896625084043,False
C1=CC=CC=C1C(CN2CCCC2)OCCC(C)C,1.0,261.40899999999993,3.886200000000003,0.0,12.47,0.7381503110372258,False
C1=CC=CC=C1CC(N2CCCC2)CCC,1.0,217.3559999999999,3.4936000000000025,0.0,3.24,0.729454546567212,False
C2=C(C(NC(CC1=CC=CC=C1)C)C#N)C=CC=C2,1.0,250.34500000000003,3.472080000000002,1.0,35.82,0.8815886181817029,False
C1=CC(=CC=C1)CC(N(C)CC2=CC=CC=C2)C,1.0,239.362,3.7496000000000027,0.0,3.24,0.7678129737095625,False
C1=C(C(=C(C=C1)C)NC(C2=CC=C(N)C=C2)=O)C,1.0,240.30599999999998,3.1379400000000013,2.0,55.12,0.7922100087881018,False
C1=CC=CC(=C1C(NC2=C(C=C(N(CC)CC)C=C2)C)=O)N,1.0,297.40200000000004,3.675720000000002,2.0,58.36,0.8277504168488212,False
[C@H]3(CN(C2=CC=C(OCC1=CC=CC(=C1)Cl)C=C2)C(O3)=O)CNC,1.0,346.81400000000014,3.4636000000000022,1.0,50.800000000000004,0.8698578912084756,False
C1=CC(=CC=C1N2CC(COC)OC2=O)OCC3=CC(=CC=C3)C#N,1.0,338.363,3.108880000000002,0.0,71.78999999999999,0.8091238644914097,False
[C@@H]12C4([C@@H](CCC1[C@H]3C(CC2=O)(C(CC3)C(=O)CO)C)C[C@H](O)CC4)C,1.0,348.4830000000001,2.746600000000001,2.0,74.60000000000001,0.8045612469330538,False
[C@@H]23[C@H]([C@H]1[C@]([C@@H](C(C)=O)CC1)(C)CC2=O)CC[C@@H]4[C@@]3(CC[C@H](C4)O)C,1.0,332.4840000000001,3.774200000000003,1.0,54.370000000000005,0.7949586169339063,False
[C@]12(OC1)[C@@H]3C(=C[C@@H]2OC(=O)CC(OC(=O)C)(C)C)C(=CO[C@H]3OC(=O)CC(C)C)COC(=O)C,1.0,480.5100000000003,2.3478000000000003,0.0,126.96000000000001,0.27556875596998526,False
[C@@]13([C@@H]2C(=C[C@@H]1OC(CC(C)C)=O)C(=CO[C@H]2OC(CC(C)C)=O)COC(C)=O)CO3,1.0,422.4740000000003,2.6621000000000006,0.0,100.66,0.3343168147032492,False
C1=NC(=NC(=C1CN(C(=C(\CCOC(C)=O)SC(C)=O)/C)C=O)N)C,1.0,366.4430000000001,1.7900199999999997,1.0,115.48,0.546721568521397,False
C1=C(CN(C(=C(SC(OCC)=O)/CCOC(OCC)=O)/C)C=O)C(=NC(=N1)C)N,1.0,426.4950000000002,3.01002,1.0,133.94,0.43922890311531143,False
C1=C(Cl)C=CC(=C1N2CCN(CCCNC(C)=O)CC2)Cl,1.0,330.259,2.6416000000000004,1.0,35.58,0.843353192327638,False
C1=C(C=CC=C1N2CCN(CCNC(N)=O)CC2)C(F)(F)F,1.0,316.32699999999994,1.4957000000000003,2.0,61.6,0.8847234834503115,False
CCN[C@@H]1C[C@H](N)[C@@H](O[C@H]2OC(=CC[C@H]2N)CN)[C@H](O)[C@H]1O[C@H]3OC[C@](C)(O)[C@H](NC)[C@H]3O,0.0,475.58700000000016,-3.200699999999992,8.0,199.72999999999996,0.17503537053091334,False
CN[C@@H]1[C@@H](O)[C@H](OC[C@]1(C)O)O[C@H]2[C@H](N)C[C@H](N)[C@@H](O[C@H]3OC(=CC[C@H]3N)CN)[C@@H]2O,0.0,447.53300000000024,-3.851499999999992,8.0,213.72,0.19640185726231915,False
CCC1NC(=O)C(NC(=O)c2ncccc2O)C(C)OC(=O)C(NC(=O)C3CC(=O)CCN3C(=O)C(Cc4ccc(cc4)N(C)C)N(C)C(=O)C5CCCN5C1=O)c6ccccc6,0.0,866.9729999999998,1.2700000000000078,4.0,227.96,0.24650832039912965,False
CC1OC(=O)C(NC(=O)C2CC(=O)CCN2C(=O)C(Cc3ccc(cc3)N(C)C)N(C)C(=O)C4CCCN4C(=O)C(C)NC(=O)C1NC(=O)c5ncccc5O)c6ccccc6,0.0,852.9460000000001,0.879900000000009,4.0,227.95999999999995,0.25373581609517304,False
CC[C@H]1OC(=O)[C@H](C)[C@@H](OC2CC(C)(OC)C(O)C(C)O2)C(C)[C@@H](OC3OC(C)CC(C3O)N(C)C)[C@](C)(O)C[C@@H](C)\C(=N/OC)[C@H](C)[C@@H](O)[C@]1(C)O,0.0,762.979,2.2189000000000045,5.0,198.42999999999998,0.17826703375520167,False
CC[C@H]1OC(=O)[C@H](C)[C@@H](O[C@H]2C[C@@](C)(OC)[C@@H](O)[C@H](C)O2)[C@H](C)[C@@H](O[C@@H]3O[C@H](C)C[C@@H]([C@H]3O)N(C)C)[C@](C)(O)C[C@@H](C)\C(=N\OCOCCOC)[C@H](C)[C@@H](O)[C@]1(C)O,0.0,837.0579999999999,2.2096000000000076,5.0,216.88999999999996,0.07781066233799223,False
CNCC[C@@H](O)[C@@H]1C[C@@H](CN1)SC2=C(N3[C@H]([C@H]2C)[C@@H]([C@@H](C)O)C3=O)C(O)=O,0.0,399.51300000000015,-0.42579999999999735,5.0,122.13000000000002,0.3488210945334691,False
O.O.O.C[C@H](O)C1C2[C@@H](C)C(=C(N2C1=O)C(O)=O)S[C@@H]3CN[C@@H](C3)C(=O)N(C)C,0.0,437.51500000000016,-2.7820999999999927,3.0,204.67999999999998,0.3851710547293501,False
CO[C@H]1[C@@H](CC(=O)O[C@H](C)C/C=C/C=C/[C@H](O)[C@H](C)C[C@H](CC=O)[C@@H]1O[C@@H]2O[C@H](C)[C@@H](O[C@H]3C[C@@](C)(O)[C@@H](OC(=O)CC(C)C)[C@H](C)O3)[C@@H]([C@H]2O)N(C)C)OC(C)=O,0.0,828.0060000000002,3.013400000000006,3.0,206.04999999999998,0.1469366180673812,False
CCC(=O)OC1CC(=O)OC(C)C\C=C\C=C/C(O)C(C)CC(CC=O)C(O[C@@H]2O[C@H](C)[C@@H](O[C@H]3C[C@@](C)(O)[C@H](OC(=O)CC)[C@@H](C)O3)[C@@H]([C@H]2O)N(C)C)C1OC,0.0,813.9790000000002,2.7674000000000056,3.0,206.04999999999998,0.14720258375162437,False
[Na+].CC(=O)OCC1=C(N2[C@@H](SC1)[C@@H](NC(=O)CC#N)C2=O)C([O-])=O,0.0,361.31100000000015,-5.128919999999996,1.0,139.63,0.2912993954809812,False
CC(=O)OCC1=C(N2[C@H](SC1)[C@H](NC(=O)CCC[C@@H](N)C(O)=O)C2=O)C(O)=O,0.0,415.4240000000002,-1.129699999999997,4.0,176.32999999999998,0.26608528746137705,False
CC/C=C(C(=O)N[C@H]1[C@H]2SCC(=C(N2C1=O)C(O)=O)COC(N)=O)/c3csc(N)n3,0.0,453.5020000000002,0.3526000000000009,4.0,177.94,0.3347852681086321,False
O.O.Nc1scc(n1)\C(=C\CC(O)=O)C(=O)N[C@H]2[C@H]3SCC=C(N3C2=O)C(O)=O,0.0,446.46300000000014,-1.697599999999998,4.0,225.92,0.28786926079642494,False
Cc1sc(SCC2=C(N3[C@H](SC2)[C@H](NC(=O)C(N)c4ccc(O)cc4)C3=O)C(O)=O)nn1,0.0,493.59200000000027,1.0828199999999997,4.0,158.74,0.32470113125337624,False
Cc1sc(SCC2=C(N3[C@H](SC2)[C@H](NC(=O)[C@H](O)c4ccccc4)C3=O)C(O)=O)nn1,0.0,478.5770000000002,1.4108199999999997,3.0,132.72000000000003,0.39896703324328103,False
CO[C@H]1[C@@H](O)[C@H](N)[C@@H](O[C@H]2O[C@@H](CC[C@H]2N)C(C)N)[C@H](O)[C@@H]1N(C)C(=O)CN,0.0,405.4960000000002,-3.585399999999993,6.0,192.54000000000002,0.2571851720348716,False
NC[C@H]1O[C@H](O[C@@H]2[C@@H](N)C[C@@H](N)[C@H](O)[C@H]2O)[C@H](N)[C@@H](O)[C@@H]1O,0.0,322.362,-5.115599999999994,8.0,203.45999999999998,0.24796073984315498,False
CC1(C)S[C@@H]2[C@H](NC(=O)CCC[C@@H](N)C(O)=O)C(=O)N2[C@H]1C(O)=O,0.0,359.40400000000005,-0.7996999999999965,4.0,150.03,0.43148892329816463,False
[Na+].CC1(C)SC2C(NC(=O)CSCC=C)C(=O)N2C1C([O-])=O,0.0,352.41300000000007,-3.7933999999999948,1.0,89.53999999999999,0.22831997902170834,False
COC(=O)C(C1CCCCN1)c2ccccc2,1.0,233.31100000000004,2.0853,1.0,38.33,0.8123400616112666,False
CC(=O)OC(C1CCCCN1)c2ccccc2,1.0,233.31100000000004,2.432900000000001,1.0,38.33,0.8148303784370644,False
Fc1ccc(cc1)C(=O)CCCN2CCC(CC2)C(=O)c3ccc(F)cc3,1.0,371.427,4.522600000000004,0.0,37.38,0.6716378852755873,False
C3=C(C(C2CCN(CCCC(C1=CC=C(F)C=C1)=O)CC2)=O)C=CC(=C3)Cl,1.0,387.8820000000002,5.036900000000005,0.0,37.38,0.6246016403211508,False
[H+].[H+].[Cl-].[Cl-].OCCN1CCCN(CCCN2c3ccccc3Sc4cc(ccc24)C(F)(F)F)CC1,1.0,524.48,-1.0687999999999915,1.0,29.950000000000003,0.5206407562468356,False
C1=C(C(F)(F)F)C=CC3=C1N(C2=C(C=CC=C2)S3)CCCN4CCN(CCO)CCC4,1.0,451.55800000000045,4.698200000000004,1.0,29.950000000000003,0.6880555398652799,False
CC(C)(C)c1ccc(cc1)C(O)CCCN2CCC(CC2)C(O)(c3ccccc3)c4ccccc4,0.0,471.6850000000001,6.445800000000007,2.0,43.7,0.39694894051294805,False
CC(C)(C(O)=O)c1ccc(cc1)C(O)CCCN2CCC(CC2)C(O)(c3ccccc3)c4ccccc4,0.0,501.66700000000026,5.510500000000007,3.0,81.0,0.3413059210334569,False
c1cc(ncc1)CSCCNc1c(cc[nH]1)[N+](=O)[O-],1.0,278.33700000000005,2.6632,2.0,83.85,0.4618987732522162,False
c1(cc(nc(c1C)C)C(SC(CNc1c(cc[nH]1)[N+](=O)[O-])(C)C)(C)C)C,1.0,376.5260000000002,5.102160000000004,2.0,83.85,0.5185125184596198,False
CCC1(CCC(=O)NC1=O)c2ccccc2,1.0,217.268,1.771,1.0,46.17,0.7672998421844798,False
C1=CC(=CC=C1C2(C(NC(=O)CC2)=O)CC)N,1.0,232.28299999999993,1.3532000000000002,2.0,72.19,0.596936217611897,False
[H+].[Cl-].CN(C)CC\C=C/1c2ccccc2COc3ccccc13,1.0,315.84400000000005,1.0789000000000002,0.0,12.47,0.840267432812959,False
CN(C)CCC=C2c1ccccc1COc3ccccc23,1.0,279.383,3.9624000000000033,0.0,12.47,0.8428637069733037,False
c1(ccc(c(c1)Cl)Cl)CC(N1[C@H](CN2CCCC2)c2n(CC1)ccn2)=O,1.0,393.31800000000015,3.4117000000000015,0.0,41.370000000000005,0.7996538514135798,False
c1(ccc(c(c1)Cl)Cl)CC(N1[C@H](C[N@@]2C[C@@H](CC2)O)c2n(CC1)ccn2)=O,0.0,409.3170000000002,2.3825000000000003,1.0,61.6,0.8427159003090089,False
c1ccc2N([C@H](CN3CCCC3)C)c3c(ccc(C(=O)NCCC)c3)Sc2c1,1.0,395.5720000000001,4.913400000000005,1.0,35.58,0.7535079861130223,False
[C@H](N1C3=C(SC2=C1C=CC=C2)C=CC(=C3)C(=O)NCCC)(CN4CCCC4)C,1.0,395.57200000000034,4.913400000000004,1.0,35.580000000000005,0.7535079861130219,False
Oc1ccc2C[C@H]3N(CC[C@@]45[C@@H](Oc1c24)C(=O)CC[C@@]35O)CC6CC6,1.0,341.40700000000015,1.5253999999999999,2.0,70.0,0.8536215236957835,False
[C@H]12C5CC4=C3[C@]1([C@H](C(C[C@@H]2CC)=O)OC3=C(C=C4)OC)CCN5CC6CC6,1.0,367.4890000000002,3.3496000000000024,0.0,38.77,0.8180921305943738,False
CCOC(=O)N1CCC(CC1)=C2c3ccc(Cl)cc3CCc4cccnc24,0.0,382.89100000000013,4.887800000000005,0.0,42.43,0.7048857984659848,False
C1=CC(=CC2=C1C(C3=C(CC2)C=CC=N3)=C4CCN(C(OCC)=O)CC4)Cl,1.0,382.8910000000002,4.887800000000005,0.0,42.43000000000001,0.7048857984659846,False
CN(C)CC\C=C/1c2ccccc2Sc3ccc(Cl)cc13,1.0,315.869,5.188000000000004,0.0,3.24,0.6542213588943052,False
C1=CC=CC3=C1C(C2=C(C=CC=C2)S3)=CCCN(C)C,1.0,281.42400000000004,4.534600000000004,0.0,3.24,0.6934192475922085,False
NC(=O)N1c2ccccc2C=Cc3ccccc13,1.0,236.274,3.3872000000000018,1.0,46.330000000000005,0.748363450121821,False
C1=CC=CC2=C1N(C3=C(C=C2)C=CC=C3)CCCN(C)C,1.0,278.399,4.260200000000005,0.0,6.48,0.8242034506503205,False
c1(ccc(c(c1)Cl)Cl)CC(N1[C@@H](c2c(CC1)occ2)CN1CCCC1)=O,1.0,393.3140000000002,4.350700000000004,0.0,36.690000000000005,0.7751332694700058,False
c1(ccc(c(c1)Cl)Cl)CC(N1[C@@H](c2c(CC1)occ2)C[N@@]1C[C@@H](CC1)O)=O,1.0,409.31300000000016,3.3215000000000026,1.0,56.92000000000001,0.8420746473712121,False
c1ccc([C@H](C[N@]2CC[C@H](C2)O)N(C(Cc2ccccc2N)=O)C)cc1,0.0,353.4660000000001,2.0775999999999994,2.0,69.80000000000001,0.7803344846714313,False
c1(ccccc1)[C@H](CN1CCCC1)N(C(=O)Cc1ccc(c(c1)Cl)Cl)C,1.0,391.3419999999999,4.831400000000006,0.0,23.55,0.7042430797577657,False
CN1C(=O)NC(=O)C(C)(C1=O)C2=CCCCC2,1.0,236.27099999999993,1.2012999999999998,1.0,66.48,0.5492380246867914,False
C(C2(C1=CCCCC1)C(NC(=O)NC2=O)=O)C,1.0,236.271,1.2491999999999999,2.0,75.27000000000001,0.5593503134569083,False
CCN(CC)C(=O)C1CN2CCc3cc(OC)c(OC)cc3C2CC1OC(C)=O,1.0,404.5070000000002,2.423,0.0,68.31,0.6786181154392725,False
C1=C(C)C=CC2=C1C3N(CC2)CCC(C3)(CC)O,1.0,245.3659999999999,2.829120000000002,1.0,23.47,0.822135979895141,False
COC(=O)C1=CCCN(C)C1,1.0,155.197,0.4213,0.0,29.54,0.5139158149125916,False
CN1CC(=CCC1)\C=N\OC,1.0,154.213,0.8805,0.0,24.83,0.4354602658097654,False
[Cl-].NC12CC3CC(CC(C3)C1)C2.[H+],1.0,187.71399999999994,-0.9695999999999991,1.0,26.02,0.5192607288443852,False
CC12CC3(CC(C1)(CC(C2)C3)N)C,1.0,179.30699999999996,2.6941000000000006,1.0,26.02,0.6076471131693595,False
CC(=O)Nc1sc(nn1)[S](N)(=O)=O,1.0,222.251,-0.8560999999999999,2.0,115.03999999999999,0.6318586926732331,False
CC(NC1=NN=C(S1)[S](N)(=O)=O)=O,1.0,222.251,-0.8561000000000003,2.0,115.03999999999999,0.6318586926732331,False
COC(=O)[C@H]1[C@@H](O)CC[C@H]2CN3CCc4c([nH]c5ccccc45)[C@@H]3C[C@H]12,0.0,354.45000000000005,2.647100000000001,2.0,65.56,0.7729574057454922,False
C5=C4C3=C(C2N(CC1CC(OC)C(C(C1C2)C(OC)=O)OC)CC3)[NH]C4=CC(=C5)OC,1.0,428.5290000000002,2.9347000000000003,1.0,73.02,0.7552638599040241,False
CC(C)(C(O)=O)c1ccc(cc1)C(=O)CCCN2CCC(CC2)OC(c3ccccc3)c4ccccc4,0.0,499.65100000000024,6.282300000000006,1.0,66.84,0.31449956341258256,False
CC(C)(C)c1ccc(cc1)C(=O)CCCN2CCC(CC2)OC(c3ccccc3)c4ccccc4,0.0,469.6690000000001,7.217600000000008,0.0,29.540000000000003,0.30994100504194527,False
c1(ccc(c(c1)Cl)Cl)CC(N1[C@@H](c2c(CC1)[nH]cn2)CN1CCCC1)=O,0.0,393.31800000000015,3.480800000000002,1.0,52.230000000000004,0.8655691260821042,False
c1(ccc(c(c1)Cl)Cl)CC(N1[C@H](C[N@@]2C[C@@H](CC2)O)c2c(CC1)[nH]cn2)=O,0.0,409.3170000000002,2.4516,2.0,72.46000000000001,0.8140591424800115,False
C1CC1,1.0,42.080999999999996,1.1703,0.0,0.0,0.38142504216495926,False
COC1(C(F)(F)C1(F)Cl)F,1.0,178.512,1.8521000000000003,0.0,9.23,0.43991243083464193,False
CN(C)C1=C(C)N(C)N(c2ccccc2)C1=O,1.0,231.299,1.55042,0.0,30.17,0.7846896255721666,False
CN1N(C(=O)C=C1C)c2ccccc2,1.0,188.23000000000002,1.4844199999999999,0.0,26.93,0.6656235641878139,False
CN(N=O)C(=O)N[C@H]1[C@@H](O)O[C@H](CO)[C@@H](O)[C@@H]1O,0.0,265.222,-2.8909,5.0,151.92,0.2710418297657056,False
O1CCCCC1C(=O)N,1.0,129.159,0.04080000000000006,1.0,52.32,0.5431401972672874,False
NC1=NC(=O)N(C=C1)[C@H]2CC[C@@H](CO)O2,1.0,211.22099999999995,-0.5046000000000008,2.0,90.37,0.6875458801290977,False
NC1=NC(=O)N(C=C1)[C@@H]2O[C@H](CO)[C@@H](O)[C@@H]2O,1.0,243.219,-2.5629999999999993,4.0,130.83,0.4489304892314893,False
[Na+].[Na+].CC1(C)S[C@@H]2[C@H](NC(=O)[C@H](C([O-])=O)c3cscc3)C(=O)N2[C@H]1C([O-])=O,1.0,428.39900000000017,-8.113400000000007,1.0,129.67,0.2801291022396541,False
CO[C@]1(NC(=O)C(C(O)=O)c2cscc2)[C@H]3SC(C)(C)[C@@H](N3C1=O)C(O)=O,0.0,414.4610000000002,0.5221000000000005,3.0,133.24,0.3485928850006271,False
Cc1onc(N[S](=O)(=O)c2ccc(N)cc2)c1,1.0,253.28300000000002,1.36602,2.0,98.22,0.804736706639606,False
C1=CC(=CC=C1[S](NC2=NOC(=C2)C)(=O)=O)N,1.0,253.283,1.3660199999999996,2.0,98.22,0.8047367066396058,False
CNC(/NCCSCc1oc(CN(C)C)cc1)=C\[N+]([O-])=O,0.0,314.411,1.459,2.0,83.58000000000001,0.38410287831471035,False
c1(c(oc(c1C)C(N(C(C)(N)C)C(N)(C)C)(C)C)C)C.C[NH+]O.[OH-],1.0,345.50800000000004,1.3093600000000016,4.0,134.25,0.4799162822230709,False
CN[C@H]1[C@H](O)[C@@H](O)[C@H](CO)O[C@H]1O[C@H]2[C@@H](O[C@@H](C)[C@]2(O)C=O)O[C@H]3[C@H](O)[C@@H](O)[C@H](N=C(N)N)[C@@H](O)[C@@H]3N=C(N)N,0.0,581.5799999999999,-8.16110000000001,12.0,336.43,0.06824479508490591,True
CN[C@H]1[C@H](O)[C@@H](O)[C@H](CO)O[C@H]1O[C@H]2[C@@H](O[C@@H](C)[C@]2(O)CO)O[C@@H]3[C@@H](O)[C@H](O)[C@@H](N=C(N)N)[C@H](O)[C@H]3N=C(N)N,0.0,583.596,-8.367700000000012,13.0,339.59,0.08841364997889674,True
[Cl-].[Cl-].[Cl-].COc1cccnc1CCCCNC2=NC=C(Cc3ccc(C)nc3)C(=O)N2.[H+].[H+].[H+],0.0,488.8470000000002,-5.74798000000001,2.0,92.78999999999999,0.2917279234740546,False
Cc1ccc(CC2=CN=C(NCCCCc3ncc(Br)cc3C)NC2=O)cn1,0.0,442.3610000000001,3.9648400000000024,2.0,83.56,0.5162542343594771,False
C1CN2CCC1C(C2)CN3c4ccccc4Sc5ccccc35,0.0,322.47700000000003,4.631100000000004,0.0,6.48,0.7956818657710317,False
C1=CC=CC2=C1SC5=C(N2CC3C4CCN(C3)CC4)C=CC=C5,1.0,322.47700000000003,4.631100000000004,0.0,6.48,0.7956818657710317,False
[Br-].CC(C)[N+](C)(CCOC(=O)C1c2ccccc2Oc3ccccc13)C(C)C,0.0,448.4010000000001,1.7348000000000017,0.0,35.53,0.4991408871253257,False
CC[N+](C)(CC)CCOC(=O)C1c2ccccc2Oc3ccccc13,0.0,340.4430000000001,3.953800000000003,0.0,35.53,0.5898453885239513,False
Clc1ccc(cc1)C(=O)NCCN2CCOCC2,1.0,268.74399999999997,1.4019999999999997,1.0,41.57000000000001,0.8976306233197456,False
C2=C(C(NCCN1CCOCC1)=O)C=CC(=C2)Cl,1.0,268.744,1.4019999999999997,1.0,41.57,0.8976306233197457,False
Clc1cccc(Cl)c1NC2=NCCN2,1.0,230.09799999999998,2.3644999999999996,2.0,36.42,0.7764264211073745,False
C1=C(C(=C(C=C1)Br)NC2=NCCN2)F,1.0,258.094,1.9592999999999998,2.0,36.42,0.8073771743981658,False
Cc1ccc(Cl)c(Nc2ccccc2C(O)=O)c1Cl,0.0,296.153,4.743620000000003,2.0,49.33,0.8594044841056042,False
Cc1cccc(Nc2ccccc2C(O)=O)c1C,0.0,241.29,3.7452400000000017,2.0,49.33,0.8600549198257493,False
CN(C)C1C2C(O)C3C(=C)c4c(Cl)ccc(O)c4C(=C3C(=O)C2(O)C(=O)\C(=C(N)/O)C1=O)O,0.0,476.86900000000026,0.0588999999999994,6.0,181.61999999999998,0.14017148546784897,False
CN(C)[C@H]1[C@@H]2[C@@H](O)[C@@H]3C(=C)c4cccc(O)c4C(=C3C(=O)[C@]2(O)C(=O)\C(=C(N)/O)C1=O)O,0.0,442.4240000000002,-0.5944999999999991,6.0,181.61999999999998,0.14222765718469535,False
CC(CCc1ccccc1)NCC(O)c2ccc(O)c(c2)C(N)=O,0.0,328.4120000000001,2.1353999999999997,4.0,95.57999999999998,0.5968389616111595,False
CC(CCc1ccccc1)NC(C)C(O)c2ccc(O)cc2,0.0,299.41400000000004,3.4250000000000016,3.0,52.489999999999995,0.7339986740264384,False
COc1ccc2n(c(C)c(CC(O)=O)c2c1)C(=O)c3ccc(Cl)cc3,0.0,357.793,3.9273200000000026,1.0,68.53,0.7678065120522066,False
C1=CC(=CC2=C1[N](C(=C2CC(O)=O)C)C(C3=CC=C(Cl)C=C3)=O)OC,1.0,357.79300000000006,3.9273200000000035,1.0,68.53,0.7678065120522065,False
[Br-].CC(C)[N+]1(C)C2CCC1CC(C2)OC(=O)C(CO)c3ccccc3,0.0,412.3680000000001,-0.14189999999999614,1.0,46.53,0.5411800487522962,False
C1=CC=CC=C1C(C(OC2CC3[N+](C(C2)CC3)(C)[O-])=O)CO,1.0,305.374,1.9434999999999998,1.0,69.59,0.5242019295950936,False
[Cl-].N[C@@H]1C[C@H]1c2ccccc2.[H+],1.0,169.655,-1.3822999999999985,1.0,26.02,0.5512225266400999,False
[C@]1([C@H](C1)CN)(C(=O)N(CC)CC)C2=CC=CC=C2.[H+].[Cl-],1.0,282.81500000000005,-1.112099999999998,1.0,46.330000000000005,0.7443761064859209,False
COc1cc2CCN3CC(CC(C)C)C(=O)CC3c2cc1OC,1.0,317.4290000000001,3.238100000000002,0.0,38.769999999999996,0.8544146112857971,False
C1=C(OC)C(=CC3=C1C2N(CC(CC(C)C)C(C2)=O)CC3)OC,1.0,317.4290000000001,3.238100000000002,0.0,38.769999999999996,0.8544146112857971,False
Nc1c2CCCCc2nc3ccccc13,1.0,198.26900000000003,2.695800000000001,1.0,38.91,0.7064882384087374,False
C1=CC=CC2=C1C(=C3C(=N2)CCCC3O)N,1.0,214.26799999999997,2.1866999999999996,2.0,59.14,0.7063208414516735,False
c12[C@]34[C@@]56[C@H]([N@@](CC7CC7)CC4)Cc2ccc(c1O[C@H]3[C@](OC)([C@H](C5)[C@](C(C)(C)C)(C)O)CC6)O,1.0,467.6500000000003,4.4138000000000055,2.0,62.16000000000001,0.686738022566705,False
[C@]235[C@@]67[C@H](N(CC1CC1)CC2)CC4=C3C(=C(C=C4)O)O[C@H]5[C@](OC)([C@H](C6)C(C)(C)O)CC7,1.0,425.56900000000024,3.3876000000000017,2.0,62.16000000000001,0.7744063605229821,False
Fc1ccccc1C2=NCC(=S)N(CC(F)(F)F)c3ccc(Cl)cc23,1.0,386.8010000000001,5.026200000000003,0.0,15.6,0.5313446230748395,False
C1=C(Cl)C=CC2=C1C(=NCC(=S)N2C)C3=CC=CC=C3,1.0,300.81399999999996,3.954600000000003,0.0,15.6,0.7410345270078036,False
CNCCCC1c2ccccc2C=Cc3ccccc13,1.0,263.384,4.301900000000003,1.0,12.03,0.8108521414626005,False
C1=CC=CC3=C1C(C2=C(C=CC=C2)C=C3)C(N)=O,1.0,235.286,2.7876000000000003,1.0,43.09,0.811071966243804,False
C[C@H]1O[C@H](C[C@H](O)[C@@H]1O)O[C@H]2[C@@H](O)C[C@@H](O[C@@H]2C)O[C@H]3[C@@H](O)C[C@@H](O[C@@H]3C)O[C@H]4CC[C@@]5(C)[C@H](CC[C@@H]6[C@@H]5CC[C@]7(C)[C@@H](CC[C@]67O)C8=CC(=O)OC8)C4,0.0,764.9499999999998,3.247300000000002,5.0,182.82999999999998,0.18848157224383355,False
C[C@H]1O[C@H](C[C@H](O)[C@@H]1O)O[C@H]2[C@@H](O)C[C@@H](O[C@@H]2C)O[C@H]3[C@@H](O)C[C@@H](O[C@@H]3C)O[C@H]4CC[C@@]5(C)[C@H](CC[C@@H]6[C@@H]5C[C@@H](O)[C@]7(C)[C@H](CC[C@]67O)C8=CC(=O)OC8)C4,0.0,780.949,2.2181000000000015,6.0,203.05999999999997,0.16221462387574467,True
OC1=C(CC2=C(O)Oc3ccccc3C2=O)C(=O)c4ccccc4O1,0.0,336.29900000000004,2.9014000000000006,2.0,100.88000000000001,0.5835736700797656,False
CCOC(=O)C(C1=C(O)Oc2ccccc2C1=O)C3=C(O)Oc4ccccc4C3=O,0.0,408.36200000000014,3.005600000000002,2.0,127.18,0.49348358278162097,False
O=C1Oc2ccccc2C=C1,0.0,146.14499999999998,1.793,0.0,30.21,0.5302216682110639,False
CC1=CC(=O)Oc2cc(O)ccc12,0.0,176.171,1.8070199999999998,1.0,50.44,0.6225239946244197,False
COc1cc(NCc2ccc3nc(N)nc(N)c3c2C)cc(OC)c1OC,0.0,369.4250000000001,2.740520000000001,3.0,117.54,0.6069831028443925,False
C1=C3C(=C(C(=C1)CNC2=CC(=C(C(=C2)OC)OC)OC)C)C(=NC(=N3)N)N,1.0,369.42500000000007,2.740519999999999,3.0,117.53999999999999,0.6069831028443925,False
Clc1ccc2N(CC3CC3)C(=O)CN=C(c4ccccc4)c2c1,1.0,324.811,3.934000000000003,0.0,32.67,0.8415175711014196,False
C1=C(Cl)C=CC2=C1C(=NCC(N2CC3CC3)=O)C4=CC=CC=C4F,1.0,342.801,4.073100000000003,0.0,32.67,0.8270962173053391,False
NC(=O)C1(CCN(CCCC(=O)c2ccc(F)cc2)CC1)N3CCCCC3,1.0,375.4880000000003,2.5943999999999994,1.0,66.64,0.7441541854452974,False
C1=CC(=CC=C1C(CCCN3CCC(N2CCCCC2)(CC3)C(CC)=O)=O)F,1.0,388.52700000000016,4.088200000000003,0.0,40.620000000000005,0.629189850109134,False
Fc1ccc(cc1)C(CCCN2CCC(CC2)N3C(=O)Nc4ccccc34)c5ccc(F)cc5,1.0,461.5560000000001,5.8570000000000055,1.0,41.03,0.37471274722994996,False
Fc1ccc(cc1)C(CCCN2CCC(CC2)N3C(=O)Nc4cc(Cl)ccc34)c5ccc(F)cc5,1.0,496.0010000000001,6.510400000000006,1.0,41.03,0.3172819239070543,False
C[C@]12CCC(=O)C=C1CC[C@H]3[C@@H]4CC[C@](O)(C(=O)CO)[C@@]4(C)CC(=O)[C@H]23,0.0,360.45000000000016,1.9898,2.0,91.66999999999999,0.7856923773821717,False
[C@]34([C@H]([C@H]2[C@@H]([C@@]1(C(=CC(=O)CC1)CC2)C)C(C3)=O)CC[C@@]4(C(COC(C)=O)=O)O)C,1.0,402.48700000000014,2.560600000000001,1.0,97.74000000000001,0.7288385619310166,False
CNC(=O)Oc1ccc2N(C)[C@H]3N(C)CC[C@@]3(C)c2c1,1.0,275.352,1.7739000000000003,1.0,44.81,0.8482399591613494,False
[C@@]12(C3=C(N(C)[C@H]1N(C)CC2)C=CC(=C3)OC(NCCCCCCC)=O)C,1.0,359.51400000000024,4.114500000000003,1.0,44.81,0.7441546076205052,False
CN1CCN(CC1)C2=Nc3ccccc3Cc4ccccc24,1.0,291.398,2.916500000000001,0.0,18.84,0.7430194240185352,False
C1=CC=CC3=C1C(=NC2=C(C=CC(=C2)F)C3)N4CCN(C)CC4,1.0,309.3880000000001,3.055600000000001,0.0,18.84,0.7446866867853987,False
[Na+].Cc1sc(SCC2=C(N3[C@H](SC2)[C@H](NC(=O)Cn4cnnn4)C3=O)C([O-])=O)nn1,0.0,476.5010000000002,-4.966779999999996,1.0,158.91999999999996,0.2316550414677886,False
OC(=O)C1=C(CS[C@@H]2[C@H](NC(=O)Cn3cnnn3)C(=O)N12)CSc4scnn4,0.0,440.4920000000002,-0.9445000000000003,2.0,156.09000000000003,0.404252135209041,False
NC(CC=C)c1ccccc1c2noc3c2cccc3,1.0,264.328,4.070700000000002,1.0,52.05,0.7225268042811452,False
c1ccc(c(c1)[C@H](CC=C)N)c1c2c(on1)cccc2,1.0,264.328,4.070700000000002,1.0,52.05,0.7225268042811452,False
CO[C@]1(NC(=O)Cc2sccc2)[C@H]3SCC(=C(N3C1=O)C(O)=O)COC(N)=O,1.0,427.46000000000026,0.09859999999999991,3.0,148.26,0.40978132902594205,False
CC(=O)OCC1=C(N2[C@H](SC1)[C@H](NC(=O)Cc3sccc3)C2=O)C(O)=O,0.0,396.4460000000001,0.5922999999999998,2.0,113.01000000000002,0.5344806106940523,False
c12c3c(C(NC(C)=O)CCc2cc(c(c1OC)OC)OC)cc(=O)c(cc3)OC,1.0,399.4430000000001,2.8716000000000017,1.0,83.09000000000002,0.8325220081385357,False
COC1=CC=C2C(=CC1=O)[C@H](CCc3cc(OC)c(OC)c(OC)c23)NC(C)=O,0.0,399.44300000000015,2.871600000000001,1.0,83.09,0.8325220081385357,False
N1(Cc2cccc(OCCCNc3ccccn3)c2)CCCCC1,1.0,325.4560000000002,3.948500000000003,1.0,37.39,0.7458457163327956,False
C1CN(CCC1)Cc1cccc(c1)OCCCNc1ncccc1,1.0,325.456,3.948500000000003,1.0,37.39,0.7458457163327957,False
c12c(nc([nH]1)NC(OC)=O)cc(SCCC)cc2,1.0,265.33799999999997,3.2433000000000014,2.0,67.00999999999999,0.8327124144827058,False
CCCSc1ccc2nc(NC(=O)OC)[nH]c2c1,1.0,265.33799999999997,3.2433000000000005,2.0,67.00999999999999,0.8327124144827058,False
[O-][N+](C1=CC=NC1NCCSCc2ccccn2)=O,1.0,278.337,1.4754999999999998,1.0,80.42,0.4639451394330454,False
[O-][N+](C1=CC=NC1NCCSCc2ncccc2Br)=O,1.0,357.233,2.2380000000000004,1.0,80.42,0.45991018780367143,False
N1(Cc2cc(OCCCNc3oc4ccccc4n3)ccc2)CCCCC1,1.0,365.47700000000026,4.694700000000004,1.0,50.53,0.5867531591263059,False
C1CN(CCC1)Cc1cccc(c1)OCCCNc1nc2c(o1)cccc2,1.0,365.4770000000001,4.694700000000004,1.0,50.53,0.5867531591263061,False
C1=CC=C2C(=C1)C3C(O3)C4=CC=CC=C4N2C(=O)N,1.0,252.27299999999997,3.0294000000000008,1.0,58.86,0.7324745620692249,False
NC(=O)N1c2ccccc2C3OC3c4ccccc14,1.0,252.273,3.0294000000000016,1.0,58.86000000000001,0.732474562069225,False
N1(Cc2cc(OCCCNc3nccs3)ccc2)CCCCC1,1.0,331.48500000000024,4.010000000000003,1.0,37.39,0.7417285186061559,False
C1CN(CCC1)Cc1cccc(c1)OCCCNc1nccs1,1.0,331.485,4.0100000000000025,1.0,37.39,0.741728518606156,False
[Cl-].CN[C@H]1CC[C@@H](c2ccc(Cl)c(Cl)c2)c3ccccc13.[H+],1.0,342.69700000000006,2.2961,1.0,12.03,0.8828915217753991,False
CNC2CCC(c1ccccc1)c3ccccc23,1.0,237.346,3.8728000000000034,1.0,12.03,0.8356584452334206,False
COc1ccc2nccc([C@H](O)[C@H]3C[C@@H]4CCN3C[C@@H]4C=C)c2c1,1.0,324.4240000000001,3.1732000000000014,1.0,45.59,0.8776016184783941,False
COc1ccc2nccc([C@@H](O)[C@@H]3C[C@H]4CCN3C[C@@H]4C=C)c2c1,0.0,324.4240000000001,3.1732000000000014,1.0,45.59,0.8776016184783941,False
CC(C)(C)OC(=O)C1=C2CN(C(=O)C3=C(N2C=N1)C=CS3)C,1.0,319.386,2.4747000000000003,0.0,64.43,0.7575451593759506,False
CN1Cc2n(cnc2C(=O)OC(C)(C)C)c3ccsc3C1=O,1.0,319.386,2.4747000000000003,0.0,64.43,0.7575451593759506,False
c1ccc(C(NCCCOc2cc(CN3CCCCC3)ccc2)=O)cc1,1.0,352.47800000000007,3.871400000000003,1.0,41.57,0.7334162734435742,False
C1CN(CCC1)Cc1cccc(c1)OCCCNC(=O)c1ccccc1,1.0,352.47800000000007,3.871400000000002,1.0,41.57,0.7334162734435742,False
FC(F)(F)c1c(Cl)nc(N2CCNCC2)cc1,1.0,265.666,2.1634,1.0,28.160000000000004,0.7890335810877849,False
C1NCCN(C1)c1ccc(c(n1)Cl)C(F)(F)F,1.0,265.66599999999994,2.1634,1.0,28.16,0.7890335810877849,False
CC(C)(C)NCC(O)COc1cccc2C[C@@H](O)[C@@H](O)Cc12,1.0,309.40600000000006,0.6347999999999998,4.0,81.95,0.641468123492022,False
C1=C(C2=C(C(=C1)OC)CCCC2N(C)C)Cl,1.0,239.74599999999995,3.287600000000002,0.0,12.47,0.7854666778169448,False
c1cc2c(cc(CC3=CNC(=NC3=O)NCCSCc3oc(cc3)CN(C)C)cc2)cc1,0.0,448.5920000000002,4.513800000000004,2.0,74.16,0.3477611501517132,False
c1c(oc(c1)CN(C)C)CSCCNc1nc(c(c[nH]1)Cc1cc2c(cc1)cccc2)=O,0.0,448.59200000000016,4.513800000000003,2.0,74.16,0.3477611501517133,False
CN(C)C(=O)C(CCN1CCC(O)(CC1)c1ccc(Cl)cc1)(c1ccccc1)c1ccccc1,1.0,477.0480000000001,5.088000000000005,1.0,43.78,0.5163157587714765,False
CN(C)C(=O)C(CCN1CCC(O)(CC1)c2ccc(Cl)cc2)(c3ccccc3)c4ccccc4,0.0,477.0480000000001,5.088000000000005,1.0,43.78,0.5163157587714765,False
CCN1N=NN(CCN2CCC(CC2)(COC)N(C(=O)CC)c3ccccc3)C1=O,1.0,416.5260000000001,1.3839000000000006,0.0,85.49000000000001,0.6140453744926114,False
[C@@H]3(N(C1=C(C=CC=C1)F)C(COC)=O)[C@@H](CN(CCN2C(N(CC)N=N2)=O)CC3)C,1.0,420.4890000000002,0.9888000000000001,0.0,85.49000000000001,0.6332122819263579,False
C1N(C(CC2CCCCC12)C(NC(C)(C)C)=O)CC(C(Cc1ccccc1)NC(C(NC(c1nc2c(cccc2)cc1)=O)CC(N)=O)=O)O,1.0,670.8550000000002,3.0924000000000027,5.0,166.75,0.19750207121883467,False
CC(C)(C)NC(=O)[C@@H]1C[C@@H]2CCCC[C@@H]2CN1C[C@@H](O)[C@H](Cc3ccccc3)NC(=O)[C@H](CC(N)=O)NC(=O)c4ccc5ccccc5n4,0.0,670.855,3.092400000000003,5.0,166.75,0.19750207121883467,False
COc1ccc(cc1)[C@@H]2Sc3ccccc3N(CCN(C)C)C(=O)[C@@H]2OC(C)=O,1.0,414.5270000000002,3.368500000000002,0.0,59.080000000000005,0.6757916364888925,False
C1=CC=CC2=C1N(C(CC(S2)C3=CC=CC=C3)=O)CCN(C)C,1.0,326.46500000000015,3.8183000000000034,0.0,23.550000000000004,0.8532399650481244,False
C1=C(OC)C(=CC2=C1C(=[N+](C(=C2CC)C)[NH-])C3=CC=C(C(=C3)OC)OC)OC,1.0,382.46000000000015,4.514820000000003,0.0,64.60000000000001,0.5883266102224803,False
[O+]1=N[N](C=C1[N-]C(NC2=CC=CC=C2)=O)C(CC3=CC=CC=C3)C,1.0,322.36800000000005,4.798200000000003,1.0,72.32,0.6858267320072065,False
C1=C(Cl)C(=C(C2=C1NC(=O)C(N2)=O)[N+](=O)[O-])Cl,1.0,276.03499999999997,1.4314000000000002,2.0,108.86000000000001,0.4660748393991463,False
C3=C(C1=NCCN=C2N(NC(=C12)C)C)C=CC=C3Cl,1.0,274.755,2.2652,1.0,39.99,0.8533462701720146,False
C3=C(N2C1=C([N](C)N=C1C)N(C(=O)CC2=O)C)C=CC=C3,1.0,284.31899999999996,1.7597199999999997,0.0,58.440000000000005,0.7497275508277821,False
C2=N[N]1C(=CC=NC1=C2C#N)C3=CC(=CC=C3)N(C(C)=O)CC,1.0,305.3410000000001,2.6407800000000003,0.0,74.29,0.7452640844090571,False
[C@@H]1(C[C@H]3[C@H]2[C@@]1(O[C@H](O[C@H]2OC)[C@@H]3C)CN4CCCCC4)O,1.0,297.39500000000004,1.2031999999999998,1.0,51.16,0.8482303460456231,False
[C@H]13N([C@H](CC(C1)NC(C2=CC=CC(=C2OC)OC)=O)CC3)CC4=CC=CC=C4,1.0,380.48800000000017,3.6292000000000026,1.0,50.800000000000004,0.831489022888256,False
[C@H]2(C1=CC(=C(OC)C=C1CCN(C2)C)OC)C3=CC=CC=C3,1.0,297.39799999999997,3.3236000000000017,0.0,21.700000000000003,0.8672284911200568,False
C1=CC=CC(=C1N3CCN(CCCOC2=CC=CC=N2)CC3)C,1.0,311.4290000000001,2.9811200000000015,0.0,28.6,0.7669475895714594,False
C1=CC(=CC=C1B2OCC(CCC)(C)CO2)C,1.0,232.13199999999992,2.5434200000000002,0.0,18.46,0.7453580109268674,False
C1=C(SC=C1)C2(C(CCCC2)=O)NCC,1.0,223.34099999999992,2.6960000000000006,1.0,29.1,0.8533144646771651,False
C1=CSC2=C1N(C3=C(C=C2)C=CC=C3)CCCN(C)C,1.0,284.42800000000005,4.321700000000003,0.0,6.48,0.8246415315870658,False
C1=CC=CC(=C1CC2=CC=CS2)OCC3OCCNC3.O=C(O)\C=C/C(=O)O,1.0,405.47200000000015,2.4179,3.0,105.09000000000002,0.6077048887470983,False
C3=C2C(=NC1=CSC=C1C(/C2=CS3)=C/C#N)N4CCN(C)CC4,1.0,340.4770000000002,3.4039800000000033,0.0,42.63,0.6903990433183553,False
C1=CC=CC3=C1C(N(C2C(NCCC2)=O)[S]3(=O)=O)=O,1.0,280.305,0.10970000000000013,1.0,83.55000000000001,0.7910901674027228,False
C1=CC=CC=C1N2C5(C(NC2)=O)CCN(CC4OC3=C(C=CC=C3)OC4)CC5,1.0,379.46000000000015,2.2549,1.0,54.040000000000006,0.8866479533158794,False
[C@@H]3(C1=CC=C(Cl)C=C1)[C@H]2CC[C@@H](C2)C34CCC(=N4)N5CCOCC5,1.0,344.88600000000014,4.116800000000003,0.0,24.83,0.7652645503039649,False
C3=C(C2=C(N=C(N1CCN(C)CC1)N=C2)N)C(=C(C=C3Cl)Cl)Cl,1.0,372.6869999999999,3.437800000000002,1.0,58.28,0.8184083751963472,False
C4=C(C(C3CCN(CCC1=C(N=C2N(C1=O)CCS2)C)CC3)=O)C=CC(=C4)F,1.0,401.5070000000001,2.9339200000000014,0.0,55.2,0.5696076288710257,False
C1=CC=CC2=C1N=C(S2)N(C4CCN(CC(COC3=CC=C(C=C3)F)O)CC4)C,1.0,415.53400000000016,3.7759000000000027,1.0,48.830000000000005,0.6365323006108387,False
C1=C(C(N)=O)N=N[N]1CC2=C(C=CC=C2F)F,1.0,238.197,0.7034999999999997,1.0,73.80000000000001,0.8549954528788274,False
C4=C(C(N2CCN(\N=C\C1=NC(=CC=C1)C)CC2)C3=CC=CC=C3)C=CC=C4,1.0,370.5,4.131120000000004,0.0,31.73,0.6330356690350792,False
O=C1N2C(CC1)CCC2=O,1.0,139.154,0.29779999999999984,0.0,37.38,0.4524329887558758,False
C1=C(C(=C(C=C1C(\C=C\N2CC=CC2)=O)OC)OC)OC,1.0,289.33099999999996,2.2805999999999997,0.0,48.0,0.4566407986106753,False
[H+].C1=C(OC(F)(F)F)C=CC2=C1SC(=N2)N.[Cl-],1.0,270.663,-0.10639999999999994,1.0,48.14,0.7868951227183998,False
C1=C(Cl)C=CC\3=C1C=C(N2CCN(C)CC2)C4=C(C3=C/C#N)C=CC=C4,1.0,361.87600000000003,4.354180000000004,0.0,30.27,0.7070669820150317,False
C1=CC=CC4=C1C(N(CCCN3CCN(C2=NC=CC=N2)CC3)[S]4(=O)=O)=O,1.0,387.46500000000015,0.8334000000000001,0.0,86.71000000000001,0.7510712988506418,False
[C@H](C1=CC=CC=C1)([C@@H]2CNCCO2)OC3=CC=CC=C3OCC,1.0,313.39700000000005,3.1938000000000013,1.0,39.72,0.8888730494256724,False
C3=C(N2C1=C([NH]N=C1N(C(=O)CC2=O)C)C)C=CC=C3,1.0,270.292,1.74932,1.0,69.30000000000001,0.8025181240176167,False
C1=C(Cl)C(=C(C=C1)C)NC(=O)/C=C/2SCC(=O)N2C,1.0,296.779,2.6335200000000007,1.0,49.410000000000004,0.8536611537445756,False
C1=CC=CC4=C1N(C2C3CCN(C2)CC3)C5=C(CC4)C=CC=C5,1.0,304.4369999999999,4.017500000000004,0.0,6.48,0.7850000686326023,False
C2=C(C(C(N1CCCC1)CCC)=O)C=CC(=C2)C,1.0,245.36599999999999,3.4422200000000025,0.0,20.310000000000002,0.7405963972648976,False
C1=CC=CC2=C1N(C3=C(S2)C=CC=N3)CCCN(C)C,1.0,285.416,3.636000000000003,0.0,19.370000000000005,0.8536245937847351,False
C1=CC=CC=C1C2CN(C(NCCC)=O)C(O2)=O,1.0,248.28199999999995,2.2995,1.0,58.64000000000001,0.8924590743547927,False
C1=C(C(=CC=C1C#N)OC)C(NCCN3CCC(C(C2=CC=C(F)C=C2)=O)CC3)=O,1.0,409.4610000000001,3.030680000000001,1.0,82.43,0.7111039893603885,False
C1=C2C(=C([N]1C)C)C(=NCC(N2)=O)C3=CC=CC=C3,1.0,253.305,2.1230200000000004,1.0,46.39,0.8310589777253272,False
C1=CSC2=C1C(C3=C(CC2)C=CC=C3)=C4CCN(CC4)C,1.0,295.4510000000001,4.374200000000004,0.0,3.24,0.697189433962428,False
C4Oc3ccc(CN1CCN(CC1)c2ncccn2)cc3O4,1.0,298.34600000000006,1.5275,0.0,50.72,0.8563121557749823,False
C1=C(C=CC=C1)C(C2=CC=CC=C2)(C3NCCCC3)O,1.0,267.37199999999996,3.0646000000000018,2.0,32.26,0.8955162254381664,False
C3=C(C1(C(OCC)=O)CCN(CC1)CCCNC2=CC=CC=C2)C=CC=C3,1.0,366.50499999999994,4.085500000000003,1.0,41.57,0.5644353165337912,False
C1=CC=CC3=C1C(C2=C(C=CC=C2)S3)=C4CCN(C)CC4,1.0,293.43500000000006,4.678700000000004,0.0,3.24,0.5919086002855983,False
C1=C(O)C=CC4=C1C35C(C(N(CCC2=CC=CC=C2)CC3)C4)CCCC5,1.0,347.5020000000003,4.693300000000004,1.0,23.47,0.8702908025255228,False
C2=C(C1=CC=CC=C1)ON=C2C(CN3CCCCC3)O,1.0,272.3479999999999,2.8609000000000013,1.0,49.5,0.929471534965792,False
C2C1=NN=N[N]1CCCC2,1.0,138.174,0.39949999999999997,0.0,43.6,0.5208601121409658,False
C1=CC=CC2=C1N(C(CO2)=O)CC(N)=O,1.0,206.20099999999996,-0.1026999999999999,1.0,72.63,0.7337785290614999,False
C1=CC=CC3=C1N(C2=C(C=CC=C2)[S]3(=O)=O)CC(CN(C)C)C,1.0,330.4530000000001,3.1686000000000014,0.0,40.620000000000005,0.8632610192638074,False
[C@]235[C@]([C@H](N(CC1CC1)CC2)CC4=C3C=C(O)C=C4)(CCCC5)O,1.0,313.4410000000001,2.9755000000000025,2.0,43.7,0.8820323914426995,False
C1=CC=CC2=C1N(C3=C(C=C2)C=CC=C3)CCCN4CCN(CCO)CC4,1.0,363.5050000000002,3.308500000000002,1.0,29.950000000000003,0.8528457561397796,False
C1=CC(=CC=C1C(CCCN2CC3CCC(C2)CC3)=O)F,1.0,289.3939999999999,3.910600000000003,0.0,20.310000000000002,0.7659741642516837,False
C1=CC(=C3C2=C1CC6C4C2(C(O3)C(CC4)OC(C5=CN=CC=C5)=O)CCN6C)OC,1.0,406.48200000000014,2.9848000000000017,0.0,60.89,0.7306954019948719,False
[C@H]2(NC(=O)C1=C(OC)C=C(NC)C(=C1)Cl)[C@H](N(CC2)CC3=CC=CC=C3)C,1.0,387.9110000000002,3.783100000000003,2.0,53.6,0.79150224995823,False
C1=CC=CC3=C1C(C2=CC=CC=C2)OCCN(C3)C,1.0,253.34499999999994,3.2380000000000013,0.0,12.47,0.7733298315151294,False
C1=CC=CC=C1CN2C(CC(C2)CN)=O,1.0,204.27299999999997,0.9938,1.0,46.33,0.7978622115992027,False
C1=C4C(=C2C(=C1)C=CC=C2)CC3CN(C)CC(C3(O4)O)C,1.0,283.3709999999999,2.6610000000000005,1.0,32.7,0.8066059735250352,False
C5CC(CN1CCC(C1)c2ccccc2)c4ccc3OCOc3c4C5,1.0,335.4470000000002,4.3247000000000035,0.0,21.700000000000003,0.833450014143644,False
[C@]3(C1=CC=CC=C1)(C(C2=C(C=CC=C2)CC3)=O)CCN(C)C,1.0,293.41,3.705200000000003,0.0,20.310000000000002,0.8563335060130993,False
C(C1=C(C)[NH]C3=C1C(C(CN2CCOCC2)CC3)=O)C,1.0,276.37999999999994,1.96282,1.0,45.33,0.917711580112694,False
C1=CN=C(C(=N1)N2CCCCC2)C,1.0,177.25099999999998,1.77532,0.0,29.020000000000003,0.65436950724707,False
C1=NC=CN=C1N(C3CCN(CCC2=CC=CC=C2)CC3)C(C4=CC=CO4)=O,1.0,376.46000000000015,3.4235000000000024,0.0,62.470000000000006,0.6595876475854743,False
C1=CC(=CC2=C1C(=C([NH]2)C)C4CCN(CCCC(C3=CC=C(F)C=C3)=O)CC4)OC,1.0,408.5170000000001,5.4665200000000045,1.0,45.33,0.5276695520117025,False
C1=CC=CC2=C1N(CC3=C(C2)C=CC=C3)CCCNC,1.0,266.388,3.206900000000002,1.0,15.27,0.8549162472710946,False
C1=CC=CC=C1/C=C/C2C(NC(O2)(C)C)=O,1.0,217.26799999999997,1.9509,1.0,38.33,0.8218863548914899,False
C1=CC(=CC(=C1OC)OC)CCN2CCN(CC2)C3=CC(=CC=C3)Cl,1.0,360.885,3.7219000000000024,0.0,24.940000000000005,0.7834238428719575,False
C2=C(OC(OC1=CC=CC=C1)CN(C)C)C=CC=C2,1.0,257.33299999999997,3.0321000000000016,0.0,21.700000000000003,0.7424381824141622,False
C3=C(CN2CCN(C1=C(OC(C)C)C=CC=C1)CC2)C=CC=C3C(=O)N4CCCCC4.C(C(=O)O)CC(=O)O,1.0,539.6730000000006,4.357900000000003,2.0,110.62000000000002,0.48380347650042044,False
C1=CC=CC3=C1C4=C(C2=C(C=CC=C2)O3)CCN(CC4)C,1.0,277.367,4.4287000000000045,0.0,12.47,0.7060918227041405,False
[C@@H]1([C@H]3[C@@H](CC2=C1C=C(Cl)C=C2)CN(C3)C)C4=CC=CC=C4,1.0,297.829,4.2058000000000035,0.0,3.24,0.7621434513640859,False
C1=CC(=CC(=C1\C(=C\[N]2C=NC=N2)Cl)Cl)Cl,1.0,274.538,3.779300000000001,0.0,30.71,0.8341906734476934,False
C3=C(N2CCN(C\C=C\C1=CC=CC=C1)CC2)N=NC(=C3)Cl,1.0,314.82000000000005,2.9654000000000016,0.0,32.260000000000005,0.8682663031738056,False
C3=C(C(CC2N(C(CC(C1=CC=CC=C1)=O)CCC2)C)O)C=CC=C3,1.0,337.463,4.236000000000004,1.0,40.540000000000006,0.801796190854678,False
C2=C(COC1CCNCC1)C=CC3=C2C=CC=C3,1.0,241.334,3.1084000000000023,1.0,21.259999999999998,0.8911922324210771,False
[C@H]5(CN(C(C3=C2C1=CC(=CC=C1CCN2C(=O)C(=C3)C4=CC=CC=C4)Cl)=O)CC5)OCC,1.0,448.9500000000002,4.642800000000005,0.0,51.540000000000006,0.5837372098849201,False
[C@]235[C@H]([C@H](N(CC1CC1)CC2)CC4=C3C(=CC=C4)O)CCC(C5)=O,1.0,311.42500000000007,3.039600000000002,1.0,40.54,0.91245018780111,False
[C@@]4(O)(C3(C(C2C(C1(C(=CC(=O)CC1)C=C2)C)C(O)C3)CC4=C)C)C(=O)CO,1.0,372.46100000000024,1.7236999999999998,3.0,94.83,0.6418402177877371,False
C1=CC=CC3=C1C2=C(CCCCCC2)[N]3CCCN(C)C,1.0,284.44699999999995,4.252000000000003,0.0,8.17,0.8144974975591827,False
C1=CC=CC2=C1C(=C[NH]2)CCC3CCNCC3,1.0,228.33899999999994,3.100100000000001,2.0,27.82,0.8297696004849463,False
C2=C(C1(C(NC(=O)CN1)=O)CC)C=CC=C2,1.0,218.256,0.5378999999999992,2.0,58.2,0.7121600169157926,False
C1=CC(=CC=C1C(N2CCN(C)CCC2)C3=CC=CC=C3)Cl,1.0,314.8599999999999,4.066900000000003,0.0,6.48,0.8424641571336473,False
C1=CC=CC2=C1C(C3=C(CC2)C=CC=C3)OC4CCN(C)CC4,1.0,307.43700000000007,3.985400000000003,0.0,12.47,0.8317285118719557,False
C(C2(C1=CCCCCC1)C(NC(=O)NC2=O)=O)C,1.0,250.298,1.6392999999999998,2.0,75.27000000000001,0.5775654158834148,False
[C@]234C1=C(C=CC(=C1O[C@H]2C[C@@H](O)C=C3)OC)CN(CC4)C,1.0,287.3590000000001,1.8502999999999998,1.0,41.93,0.8005242690101381,False
C1=CC=CC=C1CC(N(CC2=CC=CO2)C)C,1.0,229.32299999999998,3.342600000000002,0.0,16.380000000000003,0.7814841175971475,False
C1=C(F)C=CC3=C1C=C(SCCNC)C2=CC=CC=C2O3,1.0,301.386,4.382100000000004,1.0,21.259999999999998,0.8467042499074373,False
[C@]14(C([C@H]3[C@H]([C@@H](O)C1)C2(C(=CC(=O)C=C2)[C@@H](F)C3)C)C[C@H]5OC(O[C@@]45C(=O)CO)(C)C)C.[C@]69(C([C@H]8[C@H]([C@@H](O)C6)C7(C(=CC(=O)C=C7)[C@@H](F)C8)C)C[C@H]%10OC(O[C@@]9%10C(=O)CO)(C)C)C.O,1.0,887.023,3.724700000000003,4.0,217.61999999999998,0.317862653783205,False
C1=CC(=CC=C1N3CCN(CC(O)COC2(CCCCC2)C#C)CC3)F,1.0,360.4730000000002,2.6613000000000007,1.0,35.94,0.7915282529586751,False
C1=CC=CC(=C1N3CCN(CCCC(C2=CC=C(F)C=C2)=O)CC3)OC,1.0,356.4410000000001,3.6194000000000024,0.0,32.78,0.7096273467096594,False
C1=C(C(=N[N]1CCCN(C)C)C2=CC=CC=C2)C3=CC=CC=C3,1.0,305.425,4.168800000000004,0.0,21.060000000000002,0.6813399359465477,False
O=C2\C(=C1\OC=NN1)C=CC=C2,1.0,162.148,0.4562,1.0,50.69,0.5261393270090525,False
C2=NC1=C(CC(NC)CC1)S2,1.0,168.265,1.2198,1.0,24.92,0.6817249801955534,False
C1=C(O)C=CC3=C1C2(CC(CN(CC2)C)C3)C,1.0,231.33899999999994,2.5478000000000014,1.0,23.47,0.7414726773699196,False
C1=CC(=CC=C1C(NCCCN2CCOCC2)=O)Cl,1.0,282.7709999999999,1.7920999999999998,1.0,41.57,0.8374759906991261,False
C1=CC=CC2=C1N(CC3=C(C2=C)C=CC=C3)CCCN(C)C,1.0,292.426,4.019800000000004,0.0,6.48,0.8395416335416818,False
C1=CC=CC(=C1N3CCN(CCC2=C[N](C)N=C2)CC3)Cl,1.0,304.82500000000005,2.4382,0.0,24.3,0.8669559753478355,False
[C@H]23C([C@@]1(OC(O[C@@H]1C2)(C)C)C(=O)CO)(C[C@H](O)[C@@]4(F)C3CCC5C4(CCC(=O)C5)C)C,1.0,438.53600000000034,2.7227000000000006,2.0,93.06,0.6887374114045545,False
[H+].C3=C2\C(C1=CC=CC=C1SCC2=CC=C3)=C\CCN(C)C.[Cl-],1.0,331.91200000000003,1.7922000000000005,0.0,3.24,0.8434077852125224,False
C1=CC=CC2=C1C(C(N2CC(N)=O)=O)C3=CC=CC=C3,1.0,266.29999999999995,1.6504000000000003,1.0,63.4,0.917727425320048,False
C3=CC1=C(C(/C2=C(O1)C=CC=C2)=C/CCN(C)C)C=C3OC,1.0,295.382,4.184300000000003,0.0,21.700000000000003,0.7203221585132359,False
Clc1ccc(cc1)C(OCCN2CCOCC2)c3ccccc3,1.0,331.8429999999999,3.7782000000000027,0.0,21.700000000000003,0.8037823118727081,False
C1=C(C)C=CC3=C1C2C(CCN(C2)C)N3,1.0,202.30099999999996,2.20822,1.0,15.27,0.6936086446451957,False
C1=CC=CC2=C1N(C(C3=C(N2C)C=CC=C3)=O)CCN(C)C,1.0,295.386,2.976300000000001,0.0,26.79,0.870763155680302,False
CC13CCCCCC(Cc2ccc(O)cc12)C3N,1.0,245.366,3.113600000000001,2.0,46.25,0.7374329703078921,False
C4=C(C(C(=O)N1CCCC1)(C2=CC=CC=C2)C(CN3CCOCC3)C)C=CC=C4,1.0,392.54300000000023,3.5634000000000023,0.0,32.78,0.7535438022154651,False
C1=CC(=CC=C1C(C[N]2C=CN=C2)O)CCC3=CC=CC=C3,1.0,292.382,3.401900000000002,1.0,38.05,0.7558843983930713,False
C1=CC=CC2=C1C(C3=C(C=C2)C=CC=C3)=NOCCNC,1.0,278.35499999999996,3.0447000000000006,1.0,33.62,0.5876373589323894,False
CN2C(Cc1ccccc1N=C2C)c3ccccc3,1.0,250.345,3.9657000000000027,0.0,15.6,0.747518081790275,False
[C@H](CCOC1=CC=CC2=CC=CC=C12)(C3=CC=CC=C3)N(C)C,1.0,305.42100000000005,4.911600000000005,0.0,12.47,0.6412343676948533,False
C1=CC=CC3=C1C(C2=C(C=CC=C2)C3O)=C4CCN(C)CC4,1.0,291.39400000000006,3.609200000000003,1.0,23.47,0.8012883234644445,False
C1=CC=CC3=C1N(C2=CC=CC=C2)CC3(CCCNC)C,1.0,280.415,4.095600000000003,1.0,15.27,0.8296796744689916,False
C1=CC=C3C(=C1OCC2CNCCO2)N(CCC3)C,1.0,262.35299999999995,1.4361999999999997,1.0,33.73,0.8934343886451281,False
C4=C(C2=C3C(=NC(=NCC1CC1)CN2O)C=CC(=C3)Cl)C=CC=C4,1.0,339.826,2.6294000000000013,1.0,48.19,0.9341408092037142,False
C2=C(C1C(CCC1)N)C=CC=C2,1.0,161.24800000000005,2.2814000000000005,1.0,26.02,0.6715260386347127,False
C3=C(C1OC(=NC1=O)NC2CC2)C=CC=C3,1.0,216.24,1.3925,1.0,50.69,0.8123830050662619,False
C1=C(Cl)C=NC2=C1SC4=C(N2CCCN3CCN(CCO)CC3)C=CC=C4,1.0,404.96700000000016,3.3377000000000017,1.0,42.84,0.7960682401674563,False
CN1CCC(CC1)=C3c2ccccc2Oc4ccc(Cl)cc34,1.0,311.81200000000007,4.973200000000004,0.0,12.47,0.5807467488111467,False
C1=C(Cl)C=CC4=C1C3C2=CC=CC=C2CCN3CC(=O)N4C,1.0,312.8,3.263900000000003,0.0,23.550000000000004,0.7452224527940339,False
C3=C(N2CCN(CCCC(C1=CC=C(F)C=C1)=O)CC2)N=CC4=CC=CC=C34,1.0,377.4630000000002,4.159000000000004,0.0,36.44,0.6046467514325075,False
C1=CC=CC=C1C4(C3CCN(C\C=C\C2=CC=CC=C2)CC3)C(NC(=O)CC4)=O,1.0,388.51100000000025,3.786400000000002,1.0,49.410000000000004,0.7931859603518998,False
C1=C(C(=CC(=C1[N+](=O)[O-])N)OCC)C(NC3CCN(CC2CCC=CC2)CC3)=O,1.0,402.49500000000023,3.1262000000000025,2.0,110.72999999999999,0.31371053929001097,False
C1=CC=CC=C1C(C2=CC=CC=C2)OCCN(C\C=C\C3=CC=CC=C3)C,1.0,357.497,5.4378000000000055,0.0,12.47,0.5056344208928695,False
[C@@H](CN2CCN(C1=CC=CC=CC1=O)CC2)(C3=CC(=C(OC)C=C3)OC)O,1.0,370.44900000000007,1.9195999999999995,1.0,62.24000000000001,0.8383297712601593,False
C4=C2C1=C(CCC3=C(N1CCC2NC)C=CC=C3)C=C4,1.0,264.372,3.587500000000002,1.0,15.27,0.8465204895697304,False
C1=CC=CC2=C1C(C3=NCCCN23)(C4=CC=CC(=C4)Cl)O,1.0,298.77299999999997,3.1981000000000024,1.0,35.83,0.8774322566217465,False
C1=C2C(=CC=C1)OC(CCCl)NC2=O,1.0,211.648,1.7637999999999996,1.0,38.33,0.7575631429217322,False
C1=C(F)C=CC2=C1C3=C([NH]2)CCN(C3)CCC4=CC=NC=C4,1.0,295.36099999999993,3.302800000000002,1.0,31.92,0.8037238211544504,False
C1=NC(=NC=C1)N4CCN(CCCCN2C(CC3(CC2=O)CCCC3)=O)CC4,1.0,385.5120000000002,2.0881999999999996,0.0,69.64000000000001,0.5516629955190888,False
C1=CC=CC=C1C3(C2=CC=CC=C2)CCN(C(C)(C)C)CC3,1.0,293.45400000000006,4.8670000000000035,0.0,3.24,0.7635023064271198,False
C2=C(C1CCNCC1)OC3=C2C=C(OC)C=C3Br,1.0,310.19100000000003,3.6709000000000023,1.0,34.400000000000006,0.9188242912693312,False
[H+].C1=CC3=C([N]1N(C2=CC=NC=C2)CCC)C=CC=C3.[Cl-],1.0,287.794,0.8324999999999994,0.0,21.060000000000002,0.708829602321202,False
C3=C(C(OC1C2CCN(C1)CC2)=O)C=CC=C3,1.0,231.295,1.9376,0.0,29.54,0.728434190484296,False
C1=CC=CC=C1C3(C(N(C(C2=CC=CC=C2)=O)C(=O)NC3=O)=O)CC,1.0,336.3470000000001,2.2532000000000005,1.0,83.55000000000001,0.6881977550663423,False
C2=C(C(NNC(C1=CC=CC=C1)=O)C)C=CC=C2,1.0,240.306,2.682200000000001,2.0,41.129999999999995,0.8066594755632359,False
C3=C(C(N2CCN(CC1=CC=CC=C1)CC2)=O)OC4=C3C=CC=C4,1.0,320.39200000000005,3.3908000000000023,0.0,36.69,0.7420845171115978,False
C2=C(OCC1=NN=C(S1)C(C)C)C=CC3=C2OC(=O)C(=C3C)C,1.0,330.4090000000001,3.963740000000003,0.0,65.22,0.6773892657756412,False
[C@H](N(C(C(C1=CC=CC=C1)C2=CC=CC=C2)=O)C)(C3=CC=CC=C3)CN4CC[C@@H](C4)O,1.0,414.5490000000002,4.084800000000004,1.0,43.78,0.6334617059881882,False
[N]12C(=CC=C1)C4N(C3=C(C2)C=CC=C3)CCN(C4)C.O=C(O)\C=C/C(=O)O,1.0,369.42100000000005,2.0547,2.0,86.01,0.7883559916111457,False
C3=C(N2CCN(CCCC(C1=CC=C(F)C=C1)O)CC2)C(=CC=C3)OC,1.0,358.4570000000002,3.470100000000002,1.0,35.94,0.8221552534405213,False
C1=CC(=NC2=C1C(C(=CN2CC)C(O)=O)=O)CC3=CC=CC=C3,1.0,308.33699999999993,2.705400000000001,1.0,72.19,0.8040855587838348,False
CNCCCC2(C)C(=O)N(c1ccccc1)c3ccccc23,1.0,294.398,3.622200000000003,1.0,32.34,0.8542095113506921,False
C(N1C(C(CC(C)C)NC1=S)=O)C=C,1.0,212.31799999999998,1.3037999999999998,1.0,32.34,0.5630097133159685,False
[C@@H]1(CCCO1)[C@@H](CC2=CC=CC=C2)NCC,1.0,219.328,2.3862000000000005,1.0,21.259999999999998,0.8207130799665762,False
C1=CC(=CN=C1N2C(C3=C(C2=O)N=CC=N3)OC(N4CCN(C)CC4)=O)Cl,1.0,388.81500000000017,1.5679999999999998,0.0,91.75999999999999,0.7705081180627318,False
C1=C(Cl)C=CC2=C1C(=NO2)C([N]3C=CN=C3)C,1.0,247.685,3.2870000000000017,0.0,43.85,0.697993777693833,False
C4=C(C3=C(CCN2CCN(C1=C(C=CC=C1)OC)CC2)OC(N3)=O)C=CC(=C4)F,1.0,397.4500000000001,3.1473000000000013,1.0,61.71,0.6924623140122532,False
C1=CC=CC(=C1C2=NCC(N(C3=C2C(=N[N]3C)C)C)=O)F,1.0,286.31,1.68142,0.0,50.49,0.8006190285580514,False
C1=CC=CC2=C1C(=NS2)N5CCN(CCC4=CC3=C(NC(C3)=O)C=C4Cl)CC5,1.0,412.94600000000014,3.809000000000002,1.0,48.470000000000006,0.7074872979003035,False
C1=C(C=CC=C1N3C(N(CCN2CC(C)(C)C2)CC3)=O)Cl,1.0,307.82499999999993,2.9238000000000017,0.0,26.79,0.8549074905932433,False
[C@H]14[C@H]([C@@H]2[C@@H]3[C@H]([C@H]1C=C2)C=C3)C(=O)N(C4=O)CCCCN6CCN(C5=NC=CC=N5)CC6,1.0,419.52900000000017,1.5979999999999994,0.0,69.64000000000001,0.39636081360377057,False
C1=C(C(=C(C=C1)C)NC2=NCCCS2)C,1.0,220.34099999999995,3.2082400000000018,1.0,24.39,0.7856101444276706,False
[C@]135[C@H]([C@H](N(CC1)CC2CCC2)CC4=C3C=C(O)C=C4)[C@H](CC(C5)=C)C,1.0,337.5070000000001,4.662800000000004,1.0,23.47,0.7933034471802703,False
C1=C(C(F)(F)F)C=CC=C1C2=CCN(CC2)CCC4=CC3=CC=CC=C3C=C4,1.0,381.44100000000003,6.190400000000006,0.0,3.24,0.5207554899320214,False
C1=CC=CC(=C1OCC2CNCCO2)OCC,1.0,237.29899999999995,1.4524999999999997,1.0,39.72,0.8411561496817552,False
C4=C(N3CCN(CCCCN1C(C2C(C(C1=O)C(=O)N(C2=O)CCCC)(C)C)=O)CC3)C(=CC=C4)OC,1.0,512.6510000000004,2.393700000000001,0.0,90.47000000000001,0.2701371023921048,False
C1=C(Cl)C=CC2=C1C(=NCC(=N2)NOCC=C)C3=CC=CC=C3Cl,1.0,360.244,4.581600000000003,1.0,45.980000000000004,0.49280554222298256,False
C2=C(C(N1CCCCCCC1)=O)C=C(OC)C(=C2OC)OC,1.0,307.39000000000004,3.1187000000000014,0.0,48.0,0.8572832156517337,False
C3=C2N(CC1=CC=CC=C1)C(=O)\C(NNC2=CC=C3)=C(\N)N=O,1.0,309.32900000000006,2.0441,3.0,99.82,0.5949399521574017,False
[C@@]45([C@@]3([C@H]([C@H]2[C@]([C@@]1(C(=CC(=O)C=C1)CC2)C)(F)[C@H](C3)O)C[C@H]4OC(O5)(C)C)C)C(COC(C6=CC7=C(O6)C=CC=C7)=O)=O,1.0,578.6330000000005,5.029700000000005,1.0,112.27000000000001,0.503170482054674,False
[C@@]45([C@@]3([C@H]([C@H]2[C@]([C@@]1(C(=CC(=O)C=C1)CC2)C)(F)[C@H](C3)O)C[C@H]4OC(O5)(C)C)C)C(COC(C(CNC(C6=CC=CC=C6)=O)C)=O)=O,1.0,623.7180000000004,4.035800000000003,2.0,128.23,0.4360722560511276,False
[H+].C4=C(C2(N(C1=C(F)C=CC=C1)C(=O)CC)CCN(CC2)CCN3N=NN(C3=O)CC)C=CC=C4.[Cl-],1.0,503.0220000000003,0.14980000000000215,0.0,76.26,0.4381481660452401,False
[C@@]23([C@H]([C@H]1[C@H](OC(O1)(C)C)CO2)OC(O3)(C)C)CO[S](N)(=O)=O,1.0,339.36600000000004,-0.39539999999999814,1.0,115.53999999999999,0.7386170940393365,False
C1=C(Cl)C=CC2=C1C(=NCC(N2CC[S](C3=CC=C(C)C=C3)(=O)=O)=O)C4=CC=CC=C4Cl,1.0,487.40800000000013,4.959720000000004,0.0,66.81,0.5111684842859714,False
C1=CC=CC=C1CC(C)NCCC3C2=C(C=CC=C2)SC4=C3C=CC=C4,1.0,359.53800000000007,5.8940000000000055,1.0,12.03,0.5884096247621052,False
C1=C(OC)C(=CC2=C1[S](OC(C2)C(NC(CC(N(C)C)(C)C)C)=O)(=O)=O)OC,1.0,414.52400000000017,1.5688000000000004,1.0,94.17,0.6769408445436156,False
C2=C1C(=NSC1=CC=C2)N5CCN(CCCCN3C(CC4(CC3=O)CCCC4)=O)CC5,1.0,440.6130000000004,3.9079000000000033,0.0,56.75000000000001,0.5035750777720825,False
C4=C(N3CCN(CCCCN2C(C1=C(C=CC=C1)NC2=O)=O)CC3)C(=CC=C4)SCCC,1.0,452.62400000000036,3.7943000000000033,1.0,61.339999999999996,0.3953448360930009,False
C5=C2C1=C([NH]C=C1CC4C2=CC(CSC3=NC=CC=C3)CN4C)C=C5,1.0,347.4870000000001,4.224900000000003,1.0,31.92,0.7198574838835818,False
C2=C(N1C(SCC1)=N)C(=CC(=C2)Cl)N,1.0,227.72000000000003,2.41017,2.0,53.11,0.7248826288234071,False
C1=CC=CC4=C1N(C3CCN(CCCC(C2=CC=C(F)C=C2)=O)CC3)C(N4)=S,1.0,397.5190000000001,5.137990000000005,1.0,41.03,0.46259089779264356,False
C1=C(F)C=CC2=C1N4C(CN=C2C3=CC=CS3)CN(C)CC4,1.0,315.41700000000014,2.858600000000001,0.0,18.84,0.8057155456405762,False
[H+].C2=C(C1(C(N(C)C)C=CCC1)C(OCC)=O)C=CC=C2.[Cl-],1.0,309.8369999999999,-0.11579999999999835,0.0,29.54,0.5738372943159115,False
C2=C(OCC1OC(NCC1)=S)C=CC=C2,1.0,223.297,1.7288,1.0,30.490000000000002,0.790511802848363,False
C1=CC(=CC2=C1C(C3=C(N(C)[S]2(=O)=O)C=CC=C3)NCCCCCCC(O)=O)Cl,1.0,436.96100000000024,4.192600000000003,2.0,86.71000000000001,0.6055890008979126,False
[C@@H]3(CN(CCC=C(C1=C(C=CS1)C)C2=C(C=CS2)C)CCC3)C(O)=O,1.0,375.5590000000002,5.044840000000004,1.0,40.54,0.7683688060325685,False
C(C2(C1CCCC=C1)C(NC(=S)NC2=O)=O)C=C,1.0,264.35,1.4361,2.0,58.199999999999996,0.4604969807918296,False
C1=CC=CC3=C1C(N(C2C(NC(=O)CC2)=O)C3=O)=O,1.0,258.23299999999995,0.08779999999999971,1.0,83.55000000000001,0.7233587999857974,False
C1=CC=CC2=C1CC3(CC2)NC(=O)NC3=O,1.0,216.24,0.7534999999999998,2.0,58.2,0.6287295701223106,False
C3=C(C1=CCN(CCC)CC1)C2=CC(=CC=C2[NH]3)Cl,1.0,274.795,4.320400000000003,1.0,19.03,0.8830917620147135,False
C2=C(C1C(NCCN1)=O)SC=C2,1.0,182.24800000000002,0.5085999999999997,2.0,41.129999999999995,0.6640932441200813,False
[C@@H]2(C3=C([C@H](C1=CC=C(C=C1)F)C2)C=CC(=C3)C(F)(F)F)N4CCN(CCO)CC4,1.0,408.4390000000002,4.031100000000004,1.0,26.71,0.7742443056065689,False
C3=C(CN2C1=NC(=NC(=C1CCC2=O)C)C)C=CC(=C3)C4=CC=CC=C4C5=N[NH]N=N5,1.0,411.46900000000005,3.4199400000000013,1.0,100.55000000000001,0.5522261019745442,False
C2=C(C1=NOC(=N1)C)N=C3[N]2C4=C(C(=N3)OC)CCCC4,1.0,285.3070000000001,1.97512,0.0,78.34,0.716034202362213,False
[C@H]13[C@H]([C@H]2C[C@@H]1CC2)C(=O)N(C3=O)CCCCN4CCN(CC4)C5=NC=CC=N5.C(C(O)(C(=O)O)CC(=O)O)C(=O)O,1.0,575.6190000000004,0.1614000000000041,4.0,201.77,0.20545728225992022,False
C1=CC=CC2=C1C3=C([N]2CC)C(SCC3)(CCN(C)C)C,1.0,302.487,4.117400000000003,0.0,8.17,0.8393331887926346,False
CN(C)CCCN2c1ccccc1C(=Nc3cccnc23)c4ccccc4,1.0,356.47300000000007,4.653900000000004,0.0,31.73,0.6665859832007729,False
C4=C(C(N2CCN(CC(C1=CC=C(C(=C1)OC)OC)O)CC2)C3=CC=CC=C3)C=CC=C4,1.0,432.56400000000014,4.144400000000004,1.0,45.17,0.5795726627687093,False
C1=NC5=C([N]1CCN4CCC(C2=C[NH]C3=C2C=CC=C3)CC4)C(N(C)C(N5C)=O)=O,1.0,406.49000000000024,1.7945999999999998,1.0,80.85,0.5603857040002832,False
C1=CC=CC2=C1C(N(CC[S](NC(C)C)(=O)=O)C2=O)=O,1.0,296.34800000000007,0.6104000000000003,1.0,83.55000000000001,0.806971105203695,False
C1=CC=CC3=C1C(C2=CC=CC=C2)(SC3(C)C)CCCNC,1.0,311.4940000000001,4.911700000000004,1.0,12.03,0.7872826382134601,False
O=C3C1C(C2CCC1C2)C(=O)N3C4C(NC(=O)CC4)=O,1.0,276.29200000000003,-0.17730000000000024,1.0,83.55000000000001,0.6735407811499567,False
C1=C(C=CC=C1C2=NN(C)C(N2C)=S)F,1.0,223.276,2.2941899999999995,0.0,22.75,0.6921868751363388,False
O=C1CCC(=O)N1CC1CCC2CN(CCN2C1)c1ncccn1,1.0,329.404,0.5262000000000009,0.0,69.64000000000001,0.7534949865953197,False
C1=CC(=CC=C1N2[S](CCCC2)(=O)=O)[S](N)(=O)=O,1.0,290.366,0.26400000000000035,1.0,97.53999999999999,0.8446185744476145,False
C3=C(N2C(C(C1=CC=CC=C1)CC2=O)=O)C(=CC(=C3)[S](N)(=O)=O)Cl,1.0,364.81000000000006,2.0345,1.0,97.53999999999999,0.8423733361793315,False
C1=C2C(=CC=C1\C=C\C(C(C)(C)C)O)OCO2,1.0,234.29499999999996,2.8355000000000006,1.0,38.69,0.8547782410682304,False
C(C1=NC2=C([N]1C)C(N(C)C(N2C)=O)=O)CCN3CCN(C(N(CC)CC)=O)CC3,1.0,419.5300000000003,-0.017299999999997207,0.0,88.60999999999999,0.656814592931819,False
C1=CC=CC2=C1C4(C3=C(OC2)C=CC=C3)OC(CN(C)C)CO4,1.0,311.3810000000001,2.7571000000000003,0.0,30.930000000000003,0.853199088787175,False
C1=CC=CC=C1N2C4(C(NC2)=O)CCN(CC\C=C(C3=CC=C(F)C=C3)\C)CC4,1.0,393.5060000000001,4.047600000000004,1.0,35.580000000000005,0.8325706487119399,False
C4=C(N1C3(C(NC1)=O)CCN(CCCOC2=CC=C(C=C2)F)CC3)C=CC=C4,1.0,383.4670000000001,3.023100000000002,1.0,44.81,0.7791989010413751,False
[C@]24(C[C@@H]([C@@H](N(C(CC1=CC(=C(Cl)C=C1)Cl)=O)C)CC2)N3CCCC3)CCCO4,1.0,425.40000000000043,4.560400000000004,0.0,32.78,0.7092219751108031,False
C1=CC=C(C(=C1C)C(NC2=NOC(=C2)C)=O)C,1.0,230.26699999999997,2.8521600000000014,1.0,55.13,0.862588234352406,False
C1=CC(=CC=C1C2(C(CC(C)C)N(C)C)CCC2)Cl,1.0,279.8549999999999,4.738000000000005,0.0,3.24,0.7525599819436474,False
C1=CC=NC2=C1C(C3=C2N=CC=C3)(CC4=CC=NC=C4)CC5=CN=CC=C5.O,1.0,368.4400000000001,3.1938000000000013,0.0,83.06,0.5537224979442644,False
C1=CC=CC3=C1C4=C(C2=C(C=CC=C2)C3)CN(C)CC4,1.0,261.368,3.837100000000003,0.0,3.24,0.696256240651804,False
C2=C(C1=C(C=CC(=C1)Cl)[N]2C3=CC=C(C=C3)F)C5CCN(CCN4C(NCC4)=O)CC5,1.0,440.9500000000004,4.627600000000005,1.0,40.51,0.628122202479665,False
N#Cc5ccc4Oc1ccccc1C2=C(CCN(CC2)CC3CCCC3)c4c5,1.0,370.4960000000002,5.860780000000005,0.0,36.26,0.6640576778794939,False
[C@@H]2(OC1=C(C=CC=C1)CO)O[C@@H]([C@@H](O)[C@@H]([C@H]2O)O)CO,1.0,286.28000000000003,-1.6424,5.0,119.61000000000001,0.4499934043405802,False
CON=C(C#N)C1CN2CCC1CC2,1.0,193.24999999999994,0.8541800000000002,0.0,48.62,0.48236134439832545,False
C1=CC(=CC=C1C(CCCN3CCC2(C(N(C)C(C2)=O)=O)CC3)=O)F,1.0,346.40200000000004,2.2595,0.0,57.690000000000005,0.6061338718824869,False
[C@@H]25C(=C[C@@H](CN1CC(NC(C1)=O)=O)CN2C)C3=CC=CC4=C3C(=C[NH]4)C5,1.0,350.4220000000001,0.9960000000000007,2.0,68.44,0.79310360138024,False
C1=C(C(=CC=C1C2CNC(C2)=O)OC)OC3CCCC3,1.0,275.348,2.6201000000000008,1.0,47.56,0.9185493295282857,False
C3=C(C2C(NC(=O)C1NC(CC1)=O)C2)C=CC=C3,1.0,244.29399999999995,0.9372999999999991,2.0,58.2,0.8309522477156439,False
C3=C(C2CN1C(CCN=C1C2)=O)C=CC=C3,1.0,214.268,1.8047,0.0,32.67,0.7013193899668939,False
[C@@H]3(N(C1CCC1)C2CCC2)CC4=C(OC3)C(=CC=C4C(=O)N)F,1.0,318.392,2.6351000000000004,1.0,55.56,0.928319884888158,False
C1=CC=CC=C1C2=NCC(NC3=C2[N](N=C3C)CC)=O,1.0,268.32,2.00092,1.0,59.28,0.9052564350716659,False
CC4CN(CCCn2c1ccccc1c3ccccc23)CC(C)N4,1.0,321.46800000000013,3.866800000000003,1.0,20.2,0.78708011792911,False
C2=C([N]1C(=NC(=N1)C(N(C)C)=O)CNC(CN)=O)C(=CC(=C2)Cl)C(C3=C(C=CC=C3)Cl)=O,1.0,475.3360000000001,2.0818000000000003,2.0,123.21000000000001,0.5047993416914205,False
C3(NC(N1C2=C(C(C)(C)C1)C=CC=C2)=O)C[C@@H]4N(C)[C@H](C3)CC4,1.0,313.4450000000001,3.1190000000000015,1.0,35.580000000000005,0.8644677188347728,False
C1=CC(=CC(=C1NC(OCC)=O)N)NCC2=CC=C(C=C2)F,1.0,303.337,3.588400000000001,3.0,76.38,0.7377751534580852,False
C1=CC=CC=C1N(C2(CCN(CCC(OC)=O)CC2)C(OC)=O)C(CC)=O,1.0,376.4530000000002,2.0002999999999997,0.0,76.15,0.677733039239407,False
C1=CC(=CC3=C1N(C2=NC(=O)CO2)CCN=C3C4=CC=CC=C4Cl)Cl,1.0,374.227,3.5636000000000028,0.0,54.260000000000005,0.7671185875059905,False
[C@@H]1(C2=C(CC1)C=CC=C2)NCC#C,1.0,171.24299999999997,1.8967,1.0,12.03,0.6700261204475028,False
C1=CC=CC=C1CC2(C3(C(C)(C)C(C2)CC3)C)OCCN(C)C,1.0,315.50100000000003,4.392300000000004,0.0,12.47,0.7716270248066072,False
C1=CC=C(C2=C1CC3C(C2)CC(N[S](N(CC)CC)(=O)=O)CN3CCC)O,1.0,395.56900000000024,2.1361000000000003,2.0,72.88000000000001,0.7418884276268262,False
[C@@]45(C1=C(C=CC(=C1)OC(N3CC2=CC=CC=C2CC3)=O)N([C@H]4N(C)CC5)C)C,1.0,377.48800000000017,3.6128000000000027,0.0,36.02,0.7606460425214032,False
C1=C(C(=C(C(=N1)C)O)CO)CSSCC2=CN=C(C(=C2CO)O)C,1.0,368.48000000000013,2.5708400000000013,4.0,106.70000000000002,0.4363432612666716,False
C2=C(C1=CC=NC=C1)OC3=C2C=CC=C3,1.0,195.221,3.4948000000000015,0.0,26.03,0.5936046836183697,False
Oc5ccc4CC2C1CCOCC1(CCN2CC3CC3)c4c5,1.0,299.41400000000004,2.706900000000001,1.0,32.7,0.9111985925630892,False
C1=CC=CC2=C1N(C(C3=C(N2)N=CC=C3)=O)CC(N(C)C)C,1.0,296.3740000000001,2.735500000000001,1.0,48.470000000000006,0.9458926406028383,False
[H+].C3=C(C(=C1CCN(C1)CC)C2=CC=CC=C2)C=CC=C3.[Cl-],1.0,299.845,1.3305999999999998,0.0,3.24,0.8264854520925875,False
C(C(OC4CC3=CCC2C1C(C(CC1)C(C)=O)(CCC2C3(CC4)C)C)=O)CC(O)=O,1.0,416.5580000000003,4.9310000000000045,1.0,80.67000000000002,0.5075442255173991,False
C1=CC=CC=C1C3(CC2CCCCN2)C(NC(=O)NC3=O)=O,1.0,301.346,0.8225999999999998,3.0,87.29999999999998,0.7214791423362665,False
[N]14C3=C(C2=C1C=CC(=C2)C)CCCC3NCC4.[H+].[Cl-],1.0,262.7839999999999,0.046819999999999695,1.0,16.96,0.7099729368356817,False
C1=CC=CC=C1C(C2=CC=CC=C2)(CCN4CCC(N3CCCCC3)(C(N)=O)CC4)C#N,1.0,430.59600000000034,3.6921800000000013,1.0,73.36,0.7270325196238635,False
C1=CC=CC(=C1N2C(=NC3=C(C2=O)C=CC=C3)\C=C\C4=NC=CC=C4)C,1.0,339.3980000000001,4.259520000000003,0.0,47.78,0.5602122947012083,False
C1=CC=CC2=C1C3=C(C2)CCOC3(CCN(C)C)C,1.0,257.3769999999999,3.1270000000000016,0.0,12.47,0.8246313278296589,False
[C@H]12C(C3=C(C[C@@H]1CCN(C2)C)[NH]C(=C3CC)C)=O,1.0,246.35399999999996,2.19222,1.0,36.1,0.8242971346725392,False
C2=C(N1CCN(C)CC1)N=NC3=C2N(C4=C(O3)C=CC=C4)C,1.0,297.362,2.102,0.0,44.730000000000004,0.8030416522317245,False
C3=C(C(C1=CC=CC=C1)(C(OCCN2CCCCC2)=O)O)C=CC=C3,1.0,339.4349999999999,2.9516000000000018,1.0,49.769999999999996,0.8222967321042627,False
C2=C(C1=CC=CC=C1)N=C4C(=C2CCC3CCNCC3)C=CC=C4,1.0,316.448,4.834000000000003,1.0,24.92,0.7451794093752874,False
[C@H]2(C(OC1=CC=C(NC(C)=O)C=C1)=O)NC(=O)CC2,1.0,262.265,0.8289999999999994,2.0,84.5,0.6238565605944447,False
C3=C(C(N2CCN(CC1=CC=CC=C1)CC2)=O)N=CC=C3,1.0,281.35900000000004,2.0396,0.0,36.44,0.8636026583497496,False
C1=CC=CC=C1N2C(C(C(NC2=O)=O)(CC)CC)=O,1.0,260.29299999999995,2.0758,1.0,66.48,0.8459680909150492,False
C1(=CC=CC=C1)OC2=CC=CC=C2C(=O)[O-],1.0,213.212,1.8423999999999994,0.0,49.36,0.7811984092904954,False
C1=C(C=CC2=C1C3(C)C(C)C(C2)N(CC3)CCC4=CC=CC=C4)O,1.0,321.46399999999994,4.159100000000004,1.0,23.47,0.9174127798087979,False
[C@@H]45C(N(CCCCN3CCN(C1=NSC2=C1C=CC=C2)CC3)C([C@@H]4CCCC5)=O)=O,1.0,426.58600000000035,3.373700000000002,0.0,56.75,0.5236143111218309,False
C2=C1C(=NC(=CC1=CC=C2)N3CCNCC3)C4=CC=CC=C4,1.0,289.38199999999995,3.3114000000000017,1.0,28.160000000000004,0.7842534501838025,False
CN1CCN(CC1)C3=Nc2ccccc2Sc4nccn34,1.0,299.403,2.1308999999999996,0.0,36.66,0.7465947802988858,False
C(C1(COC(C(Cl)(Cl)Cl)OC1)CO)O,1.0,265.52,0.7004999999999999,2.0,58.92,0.7218154823443413,False
[C@]135[C@@]4([C@@H](CC2=C1C(=C(C=C2)O)O[C@H]3C(=O)C=C4)N(C)CC5)NCCCCC,1.0,368.47700000000026,2.3087,2.0,61.800000000000004,0.7812666632287215,False
C4=C(C(CCCN1CCC(CC1)(C2=CC=C(C(=C2)C(F)(F)F)Cl)O)C3=CC=C(C=C3)F)C=CC(=C4)F,1.0,523.9730000000001,7.532700000000007,1.0,23.47,0.32345987253433395,False
C1=CC=CC2=C1C(N(C2=O)C3=NC4=C(C=C3)C=CC(=N4)Cl)CC(=O)N6CCC5(OCCO5)CC6,1.0,478.93600000000043,3.740300000000002,0.0,84.86000000000001,0.5330429897948785,False
[C@@H]3([C@H](COC1=CC=C2C(=C1)OCO2)CNCC3)C4=CC=C(C=C4)F,1.0,329.3709999999999,3.326500000000002,1.0,39.72,0.9339413767145558,False
CC1OC(C)OC(O1)C,1.0,132.159,1.0878,0.0,27.69,0.4934280399431339,False
C1=C4C(=CC=C1CN3CCC(NC(NC(C2=CC=CC=C2)=O)=O)CC3)C=CC=C4,1.0,387.4830000000002,3.943800000000002,2.0,61.44,0.7127291368404796,False
C3=C(C(NC1C2CCN(C1)CC2)=O)C(=CC(=C3Cl)N)OCC4CC4,1.0,349.86200000000014,2.535,2.0,67.59,0.8015268924231373,False
[C@H]5(CN3CCC(C2=CC1=C(OCO1)C=C2)(CC3)O)CN(C4=CC=C(OC)C=C4)C(O5)=O,1.0,426.46900000000016,2.7327000000000012,1.0,80.70000000000002,0.7874310352052672,False
C1=NC(=C3[N]1C2=C(C=CC=C2)N(C3=O)C(C)C)C4=NOC(=N4)C5CC5,1.0,335.3670000000001,3.1575000000000015,0.0,78.22,0.5745135442105475,False
C4=C3C(N(C1=CC=C2C(=N1)N=C(Cl)C=C2)C(=O)C3=CC=C4)CC(CCC(C)C)=O,1.0,407.9010000000002,5.380100000000004,0.0,63.160000000000004,0.5143744231422801,False
[C@H]34C1[C@@H](C2(C(C(=O)CC1)C(=O)C=C2)C)C(O)CC3([C@](O)(CC4)C(OC)=O)C,1.0,376.4490000000002,1.4281000000000004,2.0,100.9,0.5303211912948502,False
C1=CC=CC=C1C[N+](C(CC2=CC=CC=C2)C)(C)[O-],1.0,255.361,3.7622000000000027,0.0,23.06,0.5890047047362001,False
[C@H]2([C@H](CN(CC(C1=CC=C(F)C=C1)=O)CC2)COC4=CC3=C(OCO3)C=C4)C5=CC=C(F)C=C5,1.0,465.49600000000015,5.0609000000000055,0.0,48.0,0.45671765477211246,False
CNCCC=C3c1ccccc1C2CC2c4ccccc34,1.0,275.395,4.312300000000003,1.0,12.03,0.8229478476899434,False
C1=N[N]3C(=C1C(C2=NC=CC=C2)=O)N=CC=C3C4=CC=NC=C4,1.0,301.309,2.4173,0.0,73.04,0.5433020473575748,False
C1=CC(=CC2=C1C(=NO2)C5CCN(CCC3=C(N=C4N(C3=O)C=CC=C4C)C)CC5)F,1.0,420.48800000000017,4.013740000000003,0.0,63.64000000000001,0.4991313083426707,False
C1=C(Cl)C=CC3=C1\C(C2=C(C=CC=C2)S3)=C\C4C5CCN(C4)CC5,1.0,353.91800000000023,5.5781000000000045,0.0,3.24,0.5615999358752685,False
C1=CC=CC2=C1C(C3=C(CC2)C=CC=C3)=NOCCN(C)C,1.0,294.398,3.115800000000002,0.0,24.83,0.6391562047244217,False
[C@@H]3(C1=C(C=C2C(=C1OC)OCO2)CCN3C)[C@@H]5C4=C(C(=C(OC)C=C4)OC)C(O5)=O,1.0,413.42600000000016,2.881800000000001,0.0,75.69,0.7086818239336454,False
C1=C[NH]C2=C1C(=NC=N2)NCCCCCCCCC,1.0,260.3849999999999,4.120400000000004,2.0,53.6,0.6667362191188954,False
[C@H]12C([C@@](O)(CC1)C#C)(CC[C@H]3C2CCC4=CC5=C(CC34C)C=N[N]5C6=CC=C(F)C=C6)C,1.0,430.56700000000006,5.557800000000006,1.0,38.050000000000004,0.6018837739782165,False
NC(=N)c1ccc(o1)c2ccccc2N(=O)=O,1.0,231.21099999999998,2.13887,2.0,106.15,0.3649127582670479,False
C1=CC=NC=C1C(N2CCOCC2)=O,1.0,192.21799999999993,0.5539999999999998,0.0,42.43000000000001,0.6523612327426717,False
[C@@]127C3=C4C[C@H]([C@@H]1C=C[C@@H]([C@@H]2OC3=C(C=C4)OC(C5=CN=CC=C5)=O)OC(C6=CN=CC=C6)=O)N(C)CC7,1.0,495.53500000000025,3.3664000000000023,0.0,90.85000000000001,0.30924430700953714,False
[C@]125OC(O[C@@]([C@]1(C[C@H](O)[C@H]3[C@H]2CCC4=CC(=O)CC[C@]34C)C)(CC5)C(=O)COC(=O)C6=CC=NC=C6)\C=C/C,1.0,535.6370000000004,4.120600000000004,1.0,112.02,0.44274846577893673,False
C1=CC(=CC=C1N3CCN(CCC(NC(C2=CC=CN=C2)=O)C)CC3)F,1.0,356.4450000000001,2.5513000000000003,1.0,48.47,0.864199723214693,False
C1=CN=CC=C1C(NNCCC(NCC2=CC=CC=C2)=O)=O,1.0,298.346,1.0224999999999995,3.0,83.12,0.5263360770159846,False
Fc5ccc4c(CCCN1CCC(CC1)n2c(=O)[nH]c3ccccc23)noc4c5,1.0,394.45000000000005,3.8796000000000026,1.0,67.06,0.5578596598327606,False
C1=CC=C(C(=C1C)NC(CN2C(CCC2)=O)=O)C,1.0,246.30999999999992,1.86434,1.0,49.410000000000004,0.8846848475123534,False
[H+].C4=C(N3CCN(CCCN1N=C(N(C1=O)CCOC2=CC=CC=C2)CC)CC3)C=CC=C4Cl.[Cl-],1.0,506.4780000000002,0.6684000000000014,0.0,55.53,0.4049007214622224,False
C1=C2C(=CC=C1)CCC(=C2)CC3=NCNC3,1.0,212.296,2.4080000000000004,1.0,24.39,0.799535801873723,False
[C@@]126C3=C4C[C@H]([C@@]1(CCC([C@@H]2OC3=C(C=C4)O)=C)O)N(CC5CC5)CC6,1.0,339.43500000000023,2.5125,2.0,52.93,0.813193738638947,False
OC1CCC2(O)C3Cc5ccc(O)c6OC1C2(CCN3CC4CCC4)c56,1.0,357.4500000000002,1.7073000000000003,3.0,73.16,0.7514859268568043,False
[C@]14([C@H]([C@H]3[C@](F)([C@@H](O)C1)[C@@]2(C(=CC(=O)C=C2)CC3)C)C[C@@H]6[C@]4(CC5=CC=CC=C5C6)C(=O)CO)C.O,1.0,482.5920000000003,3.1052000000000026,2.0,106.1,0.6755665764295387,False
C2=C(C(C[N]1C=CN=C1)=O)C=CC3=CC=CC=C23,1.0,236.274,2.919200000000002,0.0,34.89,0.6552356872207629,False
[C@H]23C1=C(C=C(C(CCCCCC)(C)C)C=C1O)OC([C@@H]2CCC(C3)=O)(C)C,1.0,372.5490000000002,6.2640000000000065,1.0,46.53,0.5991110663803347,False
C1=C(C(C(CCCCC)C)C)C=C(C2=C1OC(C3=C2CC(C)CC3)(C)C)OC(CCCN4CCCCCC4)=O,1.0,537.8290000000005,9.312700000000001,0.0,38.77,0.16009985409277414,False
[C@@]126C3=C4C[C@H]([C@@H]1C=C[C@@H]([C@@H]2OC3=C(C=C4)OCC5=CC=CC=C5)OC(CCCCCCCCCCCCC)=O)N(CC6)C,1.0,585.8290000000003,8.323500000000008,0.0,48.00000000000001,0.1126198694436222,False
C(N1CCOCC1)CNC2=NNC(C=C2C)=C3C=CC(=O)C=C3,1.0,314.38900000000007,0.7204,2.0,65.96000000000001,0.8034872110900628,False
[C@@H]13C=C[C@@H]([C@@]2([C@H]1[C@H](OC2=O)OC(NC)=O)C)C3,1.0,237.25499999999997,1.0536999999999999,1.0,64.63,0.5466732186736429,False
C1=C(Cl)C=CC5=C1N(CCCN4CCC3(N2C(CCCC2)NC3=O)CC4)C6=C(CC5)C=CC=C6,1.0,479.0680000000004,4.743200000000004,1.0,38.82,0.6882879826916414,False
C3=C(C2(C(N(CN1CCOCC1)C(C2)=O)=O)C)C=CC=C3,1.0,288.347,0.9928999999999992,0.0,49.85,0.778479530428075,False
[C@@H]45N([C@@H](CC(NC(=O)C1=CN(C2=C(C1=O)C=CC=C2)C3CCCCC3)C4)CC5)C,1.0,393.53100000000035,3.8617000000000026,1.0,54.34,0.861468851562722,False
C1(=NC(NC1(C(F)(F)F)C(F)(F)F)(C(F)(F)F)C(F)(F)F)N,1.0,357.09799999999996,2.6311,2.0,50.41,0.655301426193612,False
C1=C(OC)C=CC2=C1C4=C3[N]2CCN(C3=NCC4)C,1.0,255.3209999999999,1.898,0.0,29.759999999999998,0.7786760196582391,False
C1=C(OC)C=CC3=C1C(=CC2=C(C=CC=C2)O3)N4CCN(C)CC4,1.0,322.40800000000013,3.546400000000003,0.0,24.940000000000005,0.8441048170795714,False
C1=C(Cl)C=CC3=C1N(C2=C(C=CC=C2)S3)CCCN5CCN(CCOC(C4=CC(=C(OC)C(=C4)OC)OC)=O)CC5,1.0,598.1650000000003,5.833200000000006,0.0,63.71,0.2539179027688761,False
C2=C(N(CC1=CC=CS1)CCN(C)C)N=CC=C2,1.0,261.39399999999995,2.7113000000000014,0.0,19.37,0.7967911857797698,False
C1=C(OC)C=CC3=C1C(C2=C(C=CC=C2)S3)(CCCN(C)C)O,1.0,329.46500000000003,3.737500000000003,1.0,32.7,0.9057227546148714,False
[C@]34([C@H]([C@H]2[C@@H]([C@@]1(C(=CC(=O)C=C1)CC2)C)[C@H](C3)O)CC[C@@]4(C(CN5CCN(C)CC5)=O)O)C,1.0,442.6000000000003,1.8126999999999995,2.0,81.08,0.693993816165532,False
C1=CC=CC2=C1C(N3C2=NCC3)(C4=CC=C(C=C4)Cl)O,1.0,284.746,2.6092000000000017,1.0,35.83,0.8737077174467991,False
C1=CC(=CC2=C1C(=NCC(N2C)CNC(C3=COC=C3)=O)C4=CC=CC=C4)F,1.0,377.41900000000004,3.504500000000002,1.0,57.839999999999996,0.7570749038357141,False
C2=C(C(C1C(=CC(O1)=O)OC)O)C(=CC=C2)Cl,1.0,254.669,1.8291,1.0,55.760000000000005,0.8364429105085268,False
[C@@]123OC4=C(C(C1CN(CC2)C)CC(=O)N3)C=C(Cl)C=C4,1.0,292.76599999999996,1.9838999999999998,1.0,41.57,0.7949552401916229,False
[C@H]23C1=NN=C([N]1C[C@H]2CCC3)CCN4CCN(CC4)C5=CC=CC(=C5)C(F)(F)F,1.0,405.468,3.558900000000002,0.0,37.190000000000005,0.7796535298059156,False
C1=CC(=CC4=C1N2C(=NC(/C2=O)=C\N3CCN(C)CC3)CN=C4C5=C(C=CC=C5)Cl)[N+](=O)[O-],1.0,464.9130000000002,2.9331000000000014,0.0,94.65,0.395190296065005,False
C3=C(C1=NC(C(=O)NC2=C1N=C(Cl)C=C2)O)C(=CC=C3)Cl,1.0,322.15099999999995,2.4963000000000006,2.0,74.58,0.7923111503218595,False
[H+].C1=CC=CC2=C1N(C3=C(CC2)C=CC=C3)CCCN(CC(=O)C4=CC=C(Cl)C=C4)C.[Cl-],1.0,455.4290000000002,2.8980000000000006,0.0,23.55,0.5123412830788678,False
[C@@H]14C(=C[C@H](NC(N(CC)CC)=O)CN1C)C2=CC=CC3=C2C(=C[NH]3)C4,1.0,338.4550000000001,2.841400000000001,2.0,51.370000000000005,0.9040890002345446,False
C1=CC=CC2=C1C(C(N2C3=CC=CC=C3)=O)(CC4=CC=NC=C4)CC5=CC=NC=C5,1.0,391.4740000000001,4.878100000000004,0.0,46.09,0.48716243247647345,False
C5=C(C(CN1C2C4C(CC1)(C3=C(C2)C=CC(=C3)O)CCCC4)=O)C=CC=C5,1.0,361.4850000000001,4.3335000000000035,1.0,40.54,0.8272675966770715,False
C1=CC=NC(=N1)N3CCN(CCCC[N]2C=C(Cl)C=N2)CC3,1.0,320.82800000000003,1.9288999999999998,0.0,50.080000000000005,0.7612236840859332,False
C1=C(Cl)C=CC2=C1C3(N(CC(=O)N2C)C(C=C(O3)C)=O)C4=CC=CC=C4,1.0,368.82000000000005,3.280100000000002,0.0,49.85,0.7757860152597906,False
[C@H]12N(CC[C@](C1C)(C3=C(C2=O)C=CC(=C3)O)C)CC4CC4,1.0,285.38700000000006,2.9666000000000015,1.0,40.540000000000006,0.9079145519121836,False
C1=C(C)ON=C1C(NNCC2=CC=CC=C2)=O,1.0,231.255,1.4176199999999997,2.0,67.16,0.7807773221849421,False
[H+].C1=CC=CC2=C1[S](=O)(=O)N(C2=O)CCCCN4CCN(C3=NC=CC=N3)CC4.[Cl-],1.0,437.9530000000002,-1.6599999999999955,0.0,86.71000000000001,0.4997919029893836,False
C1=CC=CC3=C1C(C2=CC=CC=C2)(C=C3)CCN(C)C,1.0,263.384,3.9512000000000027,0.0,3.24,0.8070153605853532,False
C2=C(C1=C(C=CC1)C=C2)OCC3CNCCO3,1.0,231.29499999999993,1.6230999999999995,1.0,30.49,0.8572289465993015,False
[C@@H]2(C1=CC=CC=C1[C@H](NC)C2)C3=CC=C(Cl)C(=C3)Cl.[H+].[Cl-],1.0,328.66999999999996,1.9059999999999997,1.0,12.03,0.887837782238026,False
C2=C(N1C(N(CCN(C)C)CC1)=O)C=CC=C2Cl,1.0,267.76,2.1436,0.0,26.79,0.8357568014153244,False
C1=C(Cl)C=CC3=C1N(C2=C(C=CC=C2)S3)CCCN5CCN(CCN4C(N(C)CC4)=O)CC5,1.0,486.0850000000005,4.317800000000004,0.0,33.27,0.5830532655234673,False
C1=CC(=CC2=C1C(=NO2)C4CCN(CCCOC3=C(C=C(C(C)=O)C=C3)OC)CC4)F,1.0,426.48800000000017,4.826600000000004,0.0,64.8,0.3798624175213931,False
C1=C3C(=CC=C1\C=C\C(N2CCCCC2)=O)OCO3,1.0,259.3049999999999,2.441,0.0,38.77,0.7656817699332569,False
[C@@H]2(OC1=C(C(=CC=C1)C)C)[C@@H](CNCC2)O,1.0,221.29999999999995,1.4050399999999998,2.0,41.489999999999995,0.793011798212752,False
C1=C(Cl)C=CC2=C1C(=NCC(N2CCOCC3CC3)=O)C4=CC=CC=C4,1.0,368.8640000000001,3.950600000000003,0.0,41.9,0.7243004964545943,False
C1=C(O)C=CC2=C1C(=C(C)[N]2CC3=CC=C(OC)C=C3)CCN,1.0,310.3970000000001,3.213420000000001,2.0,60.41,0.7604840298785961,False
CC14CCC(=O)C=C1CCC5C3CCC(O)(C(=O)COC(=O)CCC2CCCC2)C3(C)CC(O)C45,1.0,486.64900000000046,4.302900000000005,2.0,100.89999999999999,0.5429922145181357,False
C3=C2N(C1=CC=CC=C1C=CC2=CC=C3)CCCN4C=CN(CC=C4)CCO,1.0,373.5000000000001,4.2934000000000045,1.0,29.950000000000003,0.817961247968899,False
C1=CC(=CC4=C1N(C3CCN(CCNC(C2=CC=C(F)C=C2)=O)CC3)C(N4)=O)Cl,1.0,416.8840000000001,3.189000000000001,2.0,70.13,0.6707079362955451,False
C1=C(F)C=CC2=C1C3=C([NH]2)CCN(C3)CCCC4=CN=CC=C4,1.0,309.3879999999999,3.6929000000000025,1.0,31.92,0.7968114726398025,False
[H+].C1=CC=NC(=N1)N2CCN(CC2)CCCCN3C(=O)CC(CC3=O)(C)C.[Cl-],1.0,395.9350000000002,-1.3294999999999955,0.0,69.64000000000001,0.4389343350643461,False
C1=NC(=C(C2=C1[NH]C3=C2C(=CC=C3)OC4=CC=C(C=C4)Cl)COC)C(OC(C)C)=O,1.0,424.88400000000024,5.873400000000005,1.0,73.44,0.3914480843314437,False
O=C2C1=C(CNCC1)ON2,1.0,140.142,-0.38640000000000024,2.0,58.03,0.5158198681556664,False
C1=NC(=NC(=C1CN(C(=C(SSCC2CCCO2)\CCO)/C)C=O)N)C,1.0,398.5540000000002,2.4999199999999995,2.0,101.57000000000001,0.4578231017069752,False
C1=C(Cl)C=CC3=C1N(C2=C(C=CC=C2)S3)CCCN5CCC(C4C(OCC4)=O)(O)CC5,1.0,459.0110000000004,4.722800000000005,1.0,53.010000000000005,0.6539365188084245,False
[C@@H]1([P](O)(O)=O)[C@H](C)O1,1.0,138.05899999999997,-0.09110000000000018,2.0,70.06,0.39203873860249044,False
C1=CC=CC=C1[P](C2=CC=CC=C2)(CC(NN)=O)=O,1.0,274.26000000000005,0.9903999999999995,2.0,72.19,0.3778216775935065,False
[C@H](NC(C3=CC=C(NCC1=NC2=C(N=C1)NC(=NC2=O)N)C=C3)=O)(CCC(O)=O)C(O)=O,1.0,441.4040000000003,-0.044799999999999174,6.0,213.27999999999997,0.2588540145061838,False
C1=CC(=CC2=C1[N](C4=C2CN(CCCC(C3=CC=C(C=C3)F)O)CC4)C5=CC=C(F)C=C5)F,1.0,450.5040000000001,5.919700000000005,1.0,28.4,0.39505790645768835,False
C1=C(C(F)(F)F)C=CC3=C1N(C2=C(SC=C2)S3)CCCN4CCN(CCO)CC4,1.0,443.5600000000004,4.369600000000004,1.0,29.950000000000003,0.7164270977397648,False
C1=CC=CC=C1N2C5(C(NC2)=O)CCN(CCCC(C3=CC=C(C=C3)F)C4=CC=C(C=C4)F)CC5,1.0,475.58300000000014,5.305400000000005,1.0,35.580000000000005,0.5034442668970902,False
[C@@H]1(C3=C([C@H](C2=C1C=CC=C2)C)C=CC(=C3)C(F)(F)F)CCCN(C)C,1.0,347.42400000000015,5.644300000000005,0.0,3.24,0.6912403300796615,False
C1=C(C(=CC=C1[S](N)(=O)=O)OC)C(NCC3N(CC2=CC=C(F)C=C2)CCC3)=O,1.0,421.49400000000026,1.8760999999999997,2.0,101.72999999999999,0.7107948514769202,False
C1=C4C(=CC(=C1)CN3CCN(C(COC2=CC=C(Cl)C=C2)=O)CC3)OCO4,1.0,388.8510000000002,2.7919,0.0,51.24000000000001,0.7879645861429155,False
C3=C(C1=NC(=N[N]1C)C2=CC=CN=C2)C(=CC=C3)CO,1.0,266.30400000000003,2.0364,1.0,63.83,0.7875671368938264,False
C1=C(C=CC=C1NC(NC2=NC(=O)CN2C)=O)Cl,1.0,266.688,1.2895000000000003,2.0,73.80000000000001,0.8043595179065506,False
C1=CC=CC=C1C2C(NC(=O)CO2)C,1.0,191.22999999999996,1.2626,1.0,38.33,0.725410860359885,False
C4=C3[NH]C1=C(CCNC1CC2=CC=CC=C2)C3=CC=C4,1.0,262.356,3.597400000000002,2.0,27.82,0.7253657985751113,False
C3=C(C1C(NCC)C2CC1CC2)C=CC=C3,1.0,215.34,3.178200000000002,1.0,12.03,0.8162923424259394,False
C3=C(C1C(N(CCO1)CCOC(C(C2=CC=CC=C2)CC)=O)C)C=CC=C3,1.0,367.48900000000015,4.185400000000004,0.0,38.77,0.6881856852457308,False
C1=CC(=CC=C1C(CCCN3CCN(C(OC2CCCCC2)=O)CC3)=O)F,1.0,376.47200000000015,3.8755000000000033,0.0,49.85,0.7073195651423048,False
C3=C(C2C(COC1=CC=C(OC)C=C1)CN(C)CC2)C=CC=C3,1.0,311.425,3.8095000000000026,0.0,21.700000000000003,0.8379274465244387,False
[C@H]1(NC(=O)CC1)C(=O)N2CCCCC2,1.0,196.24999999999994,0.2774999999999992,1.0,49.410000000000004,0.6544625184182418,False
C1=C(N=C2[N]1C(=C(CC)C(=N2)OC)C)C3=NOC(=N3)C,1.0,273.296,1.9671399999999999,0.0,78.34,0.7255831426465751,False
C1=CC=CC2=C1C3=C(C(=O)N2CCCN(C)C)C=CC=C3,1.0,280.371,3.1064000000000016,0.0,25.240000000000002,0.6861262123962079,False
C3=C(C2(OC(C1CCCCN1)CO2)CC)C=CC=C3,1.0,261.36499999999995,2.8069000000000015,1.0,30.49,0.9072863538720756,False
C1=C(C=CC=C1N3CCN(CCCN2C(N(C(=N2)CC)CC)=O)CC3)Cl,1.0,377.9200000000002,2.4928,0.0,46.3,0.7433399319224392,False
